:020000040800F2
:107000005098002089710008EBB0000815A5000811
:1070100009AE0008DD850008EDEC00080000000066
:10702000000000000000000000000000BDC60008D5
:10703000059E0008000000001DB700082FC80008CA
:10704000A3710008A3710008A3710008A3710008D0
:10705000A3710008A3710008A3710008A3710008C0
:10706000A3710008A3710008A3710008A3710008B0
:10707000A3710008A3710008A3710008A3710008A0
:10708000A3710008A3710008A3710008A371000890
:10709000A3710008A3710008A3710008A371000880
:1070A000A3710008A3710008A3710008A371000870
:1070B000A1C80008A3710008A3710008A37100080B
:1070C000A3710008A3710008A3710008A371000850
:1070D000A37100089DCA0008E9CA000889CC00080D
:1070E000A3710008A3710008A3710008000000004C
:1070F0000000000000000000000000000000000090
:107100000000000000000000A3710008A371000847
:10711000A3710008A3710008A3710008A3710008FF
:10712000A3710008A3710008A3710008A3710008EF
:10713000A3710008A3710008A3710008A3710008DF
:10714000A3710008A3710008A371000899B1000899
:10715000DFF810D000F0AEFD00480047C11A01086A
:10716000AFF3008050980020EFF30980704780F360
:1071700009887047EFF30880704780F308887047EC
:1071800040BA7047C0BA7047064880470648004773
:10719000FEE7FEE7FEE7FEE7FEE7FEE7FEE7FEE7C7
:1071A000FEE7FEE731C80008517100082DE9F05FE5
:1071B0000546002092469B46884606468146402466
:1071C0001BE0284641464746224600F0F0FA534667
:1071D0005A46C01A914110D311461846224600F073
:1071E000D7FA2D1A67EB01084F46224601200021ED
:1071F00000F0CEFA17EB00094E41201EA4F1010465
:10720000DFDC484631462A464346BDE8F09F000091
:1072100038B5D0E90221491E01EB410102EBC10161
:107220004268C1EB011102EB81010268C1EB01115F
:1072300002EB8102D0E9043101EB410103EB810152
:107240003023A1F5527191FBF3F4174D6C4302EB1F
:10725000C41291FBF3F403FB141100921A2902DB10
:10726000124B1A4400920C2291FBF2F3104C634330
:10727000009C04EBC313009391FBF2F302FB131188
:107280000C4A08E0491E40F2A324535C6343009C6F
:1072900004EBC31300930029F4DC0146684600F0B8
:1072A000AFFA009838BD00003F0C0F00805101007C
:1072B00067C20300EF26010840EA01039B0703D0E1
:1072C00009E008C9121F08C0042AFAD203E011F825
:1072D000013B00F8013B521EF9D27047D2B201E0E7
:1072E00000F8012B491EFBD270470022F6E710B5CB
:1072F00013460A4604461946FFF7F0FF204610BD24
:1073000030B505462A460B4612F8010B13F8014B1F
:1073100008B1A042F8D01CB1002802D06D1CF1E7E2
:10732000284630BDCAB2401E10F8011F8A4202D062
:107330000029F9D100207047421C10F8011B0029D8
:10734000FBD1801A704710B5002200E0521C835C0C
:107350008C5CA34201D1002BF8D1D8B2E1B2401A23
:1073600010BD30B504460020034600E05B1C93428C
:1073700003D2E05CCD5C401BF8D030BD30B5054693
:107380000020034600E05B1C934205D2EC5CC85C25
:10739000201A01D1002CF6D130BD70B5064607F099
:1073A000EFFF046805460A220021304600F0BCFACF
:1073B0002C6070BDF0B480EA0102D40F4200B2EB41
:1073C000410F02D20246084611464A0042D0C30D80
:1073D000DDB2C1F3C752AD1A202D35DAC1F3160163
:1073E00041F4000204B15242C5F1200602FA06F14E
:1073F0002A411044B3EBD05F23D0C4B1012DA0EBE0
:10740000C35009DCF0BC4FF0004202EAC352DBB2C9
:1074100000F5000000F0C9BA400000F1807000EBF8
:10742000C350A0F1807040EAD170490009E04908DA
:1074300041EAC071A0EBC35000F50000400800EB2A
:10744000C350F0BC00F0A8BA6142012202EB410136
:10745000001BF6E7F0BC704781F00041AAE780F01E
:107460000040A7E780EA010210B502F000434000A7
:1074700022D04A001FD0010E01EB1261C0F356006A
:10748000C2F3560240F4000042F40002A0FB0220C6
:1074900000047F39140400D0401C50EA124001D48B
:1074A0004000491EC2B20C0604EBD010401C40083C
:1074B000802A02D003E0002010BD20F00100002946
:1074C00000DA0020184310BD30B480EA010202F057
:1074D000004530F0004221F0004013D090B1C30DC0
:1074E000D40DC2F31601C0F31600E41A41F40001F2
:1074F00040F400027D34914201D3641C00E0490055
:10750000002C02DA30BC002070474FF4000000234A
:10751000914201D3891A034340084FEA4101F7D150
:1075200051B1914202D14FF0004105E002D24FF03B
:10753000010101E06FF0010103EBC450284430BCAD
:1075400000F02ABA2DE9FE4F804681EA0300C00F01
:107550000C46009021F0004123F00045B8EB0200FA
:10756000A94105D24046214690461C460B4602469C
:1075700023F00040104347D0270DC7F30A00C3F3A0
:107580000A510290401A019040286BDAC3F31300AD
:1075900040F4801B0098924620B10023D2EB030AEE
:1075A00063EB0B0B01985946C0F14002504600F0C6
:1075B000EFF806460D4650465946019A00F007F985
:1075C00010EB08006141002487EA115284EAE77356
:1075D0001A4340D0009A62B3019A012A4FEA075237
:1075E00015DC001B61EB02014FF0004202EA07527A
:1075F000CDE90042001C41F5801132462B4600F0D7
:1076000011FA03B0BDE8F08F40462146F9E7001BB0
:1076100061EB0201001C41F5801300185B4120184A
:10762000A2F5001747EB030140EAD570B6196D418A
:1076300011E06D084FEA360645EAC0754FEA075279
:10764000001B61EB0201001C41F5801149084FEA63
:1076500030000019514132462B4603B0BDE8F04FCF
:1076600000F0D1B90098012240000023D0EB0202C3
:1076700063EBE073009821464FEAE074B8EB00003A
:1076800061EB0401E9E783F000435BE781F000412F
:1076900058E7C10F80EAE0700844CA07962300212A
:1076A00000F083B996230022114600F07EB900F065
:1076B000004230F000400AD0C10D01F56071C0F306
:1076C000160042EA0151C2084007114370470020EA
:1076D0000146704730B5041E71F1000404DB4FF021
:1076E0000044404264EB0101141E73F1000405DB09
:1076F0001C464FF00043524263EB0403994208BF1B
:10770000904230BD01F0004330B421F0004150EA16
:10771000010206D00A0DA2F56072C1F31301002A1E
:1077200002DC30BC00207047440F44EAC104C100B1
:10773000E01830BC00EBC25000F02EB9002801DB8D
:10774000C0F10040002901DBC1F1004181427047D6
:10775000002801DBC0F10040002901DBC1F100413C
:107760008842704730B50B46014600202022012494
:1077700009E021FA02F59D4205D303FA02F5491BFF
:1077800004FA02F52844151EA2F10102F1DC30BD15
:10779000202A04DB203A00FA02F1002070479140D1
:1077A000C2F1200320FA03F3194390407047202AC6
:1077B00004DB203A21FA02F00021704721FA02F39B
:1077C000D040C2F120029140084319467047202A58
:1077D00006DBCB17203A41FA02F043EAE07306E0F9
:1077E00041FA02F3D040C2F1200291400843194609
:1077F00070470000014900F003B800002088002015
:1078000010B500683C22B0FBF2F302FB1303B0FB9F
:10781000F2F00B60B0FBF2F302FB1303B0FBF2F0EB
:1078200018224B60B0FBF2F302FB1303B0FBF2F043
:10783000021D8B600723B2FBF3F403FB14228000CC
:1078400040F2B55300F66C308A61B0FBF3F2B0FB46
:10785000F3F403FB1400443280084A61C8613B28FA
:1078600002D3920700D0401C0022074C13460A6145
:10787000E25C824203D8801A5B1C0B61F8E7401C73
:10788000C860084610BD0000FB2601080FB40023A5
:1078900000B589B00CA900910B996FF00042CB6044
:1078A0001E4B06931E4B07930423CDE901321D4A5C
:1078B000089202466B46002000F0B0FA09B05DF86D
:1078C00014FB70B586B006464FF0FF300091CDE94D
:1078D0000101002015460C4604903246694604A872
:1078E000FFF7D4FF02460498211825B108B10846D5
:1078F00000E020462860049800280DD0002A02DD10
:107900000098884208D0081B0094CDE90104324653
:10791000694604A8FFF7BAFF06B070BD558000089D
:1079200073800008E17C00082DE9F04791460F467E
:1079300080460446002614F8015B2DB100F0CCF916
:107940000068405DC007F6D12B2D02D02D2D18D038
:10795000641E4A463946204600F09CFB27B1396830
:10796000A14201D1C7F8008071054FF002040BD588
:107970004042002803DD07F003FD0460A007BDE8D6
:10798000F08746F48066E4E70028F8DA07F0F8FCB0
:1079900004606FF00040F2E70029A8BF7047401C68
:1079A000490008BF20F00100704710B4B0FA80FC15
:1079B00000FA0CF050EA010404BF10BC704749B152
:1079C000CCF1200421FA04F411FA0CF118BF0121C2
:1079D00021430843A3EB0C01CB1D4FEA00614FEAA2
:1079E000102042BF002010BC704700EBC350104471
:1079F0000029A4BF10BC7047401C490008BF20F0FC
:107A0000010010BC704710B5141E73F1000408DAB1
:107A1000401C41F1000192185B411A4301D120F052
:107A2000010010BD2DE9F04D92469B4611B1B1FA0F
:107A300081F202E0B0FA80F220329046FFF7A8FE11
:107A400004460F4640EA0A0041EA0B0153465A46F3
:107A5000084313D0114653EA010019D0C8F140027F
:107A60005046FFF7A4FE05460E465046594642468C
:107A7000FFF78EFE084305D0012004E0204639467A
:107A8000BDE8F08D0020054346EAE0762C433743FD
:107A90000A986305E40AA0EB08000022FD0A44EA04
:107AA00047540A3002D500200146E9E701051019C4
:107AB0006941DDE9084500196941BDE8F04DA2E7DB
:107AC0002DE9FE4F81EA030404F0004421F0004157
:107AD00000944FF0000B23F0004350EA01045ED005
:107AE00052EA03045BD0C3F30A54C1F30A552C4491
:107AF000A4F2F3340194A0FB0254C1F3130141F446
:107B00008011C3F3130343F4801301FB024400FB11
:107B1000034E840A970A44EA815447EA8357A4FB38
:107B2000076802958D0A05FB07854FEA932C04FB35
:107B30000C542705029D4FEA065847EA1637B5EB65
:107B400008056EEB070C870E920E47EA811742EA92
:107B50008312A7FB0201B6EB0B0164EB00042B0DB3
:107B600043EA0C335E1844EB1C50DA465146E7FBFF
:107B70000201C5F313044FEA0B3343EA14534FEAEF
:107B80000432019C43EA0603A4F10C040294009C15
:107B9000CDE900B4FFF746FF03B0BDE8F08F002049
:107BA0000146F9E72DE9F04D81EA030404F0004BAA
:107BB00021F0004514464FF0000A23F0004150EA3E
:107BC000050220D054EA01021DD0C5F30A5702462F
:107BD000C5F31303C1F31300C1F30A5640F4801533
:107BE00043F48013A7EB0608101BD64608F2FD38B5
:107BF00073EB050002D308F1010801E092185B4124
:107C0000B8F1000F03DA00200146BDE8F08D002036
:107C10004FF48011064684460EE0171B73EB0507F0
:107C200005D3121B63EB050306434CEA010C49081C
:107C30004FEA300092185B4150EA0107EDD152EA59
:107C4000030012D082EA040083EA0501084305D04C
:107C5000101BAB4106D20122002306E000224FF0A8
:107C6000004302E06FF0010253101AEB06004CEBE8
:107C7000085110EB0A0041EB0B01BDE8F04DFFF796
:107C8000C2BEC1F30A52C1F3130140F2FF3341F403
:107C900080119A4202DA00200146704740F23343D5
:107CA0009A42A2F2334202DC5242FFF780BDFFF754
:107CB0006FBD0000064C074D06E0E06840F0010390
:107CC00094E8070098471034AC42F6D3FFF744FA23
:107CD000A8290108C8290108004870478827010819
:107CE00010B50446FFF7F8FF0068005D00F00100E2
:107CF00010BD00002DE9FF4F087883B09946FF289A
:107D000005D0491C2D2804D00024002008E00020C4
:107D10000BE00124F9E700EB800003EB4000491C75
:107D20000B78FF2BF7D104B1404200230293147863
:107D300019461D462D2C01D02B2C04D1521C2D2C64
:107D400013D000240294AA461478FF2C0FD00A25E1
:107D5000A3FB057801FB05814FF0000C03FB0C1120
:107D6000521CE3194AEB0101EEE70124EAE78144E2
:107D700053EA010002D019F5C87F06DA0398002102
:107D8000C0E9001107B0BDE8F08F0025AE4E2F46C8
:107D9000DFF8B882184600F0DAF9CDE90001B9F150
:107DA000000002DAC9F1000400E004460023A74AFB
:107DB0001AEB030B42EB045A12E0E00707D02A4605
:107DC000334638464146FFF77BFE074688462A463B
:107DD000334610461946FFF773FE05460E466410FB
:107DE000002CEAD1DDE90001B9F1000F5A465346F3
:107DF00006DAFFF7D7FE3A464346FFF7D3FE05E023
:107E0000FFF75EFE3A464346FFF75AFE029A0AB172
:107E100081F00041039AC2E90001B3E72DE9FF4F69
:107E20001F468DB0D7E901464FF0FF382E2045465A
:107E30004FF000090B90B9696D1C0E988847396A9C
:107E4000824688470028F6D1BAF1FF3F0AD024F4D1
:107E5000D064002E11DDBAF12B0F08D0BAF12D0F2E
:107E60000BD102E0404611B08DE744F48064B9695B
:107E70006D1C0E9888478246761E6946600501D5BE
:107E80002D2000E02B208DF8000001F1010B0DF1F9
:107E9000200809E0B9696D1C0E98884782460F9842
:107EA00044F40074761E0560002E02DDBAF1300F36
:107EB000F0D00B998A453ED144F0800406E00F993A
:107EC000681CA9F1010944F400740860B9696D1CCB
:107ED000761E0E98884782463028F0D02BE00B990A
:107EE0008A4505D1200603D444F08004761E18E0AC
:107EF000504607F027FB08B30DF11301761E44F43A
:107F000000748B4508D2AAF130000BF8010B200653
:107F100007D5A9F1010003E0200602D409F1010010
:107F20008146A00502D50F99681C0860B9696D1CCF
:107F30000E9888478246002ED1DC53E0002E51DD9A
:107F4000BAF1650F02D0BAF1450F4BD1A00549D562
:107F5000B9696D1C24F44074761E0E9888478246D9
:107F6000002E0CDD2B2804D0BAF12D0F07D144F4DC
:107F70008074B9696D1C0E9888478246761EE005AC
:107F800001D52D2100E02B2108F8011BCDF82C8014
:107F900021E00DF12901761E44F4007488450CD2CD
:107FA000AAF1300010F0FF0088F8000002D10B9910
:107FB000884509D908F1010806E0E00501D5244803
:107FC00001E042F20F708146B9696D1C0E98884736
:107FD00082460F980560002E04DD504607F0B2FA85
:107FE0000028D6D1F9690E988847FF208BF8000049
:107FF00088F800000020069007904B466A4608A9C2
:1080000006A8FFF777FEA00502D46FF001002AE76B
:1080100014F0240F0AD0E00714D1DDE90612386805
:10802000031D3B600068C0E900120BE0DDE90601BA
:10803000FFF768FB0146E00704D13868021D3A608B
:108040000068016028460EE7000014400000F03F81
:10805000F1D8FFFF426842B1016811F8013B23B13A
:10806000521EC0E90012184670470121C160881EE7
:10807000704742685AB1C368016843B983688B424C
:1080800005D0491E521CC0E90012002070474FF075
:10809000FF3070472DE9F05F8246007800271546D3
:1080A0008B460AF10104B946302801D09DB113E096
:1080B00014F8010B0127782803D0582801D045B1C6
:1080C0000AE00DB1102D07D10027102514F8010B7F
:1080D00002E0082500E00A250026B0460EE005FB78
:1080E000080005FB06F1012701EB10461FFA80F896
:1080F000B6F5803F00D3B94614F8010B294600F0CD
:1081000018F80028EBDABBF1000F05D00FB1641EA0
:1081100000E05446CBF80040B9F1000F06D007F05C
:108120002FF902210160C81EBDE8F09F48EA064011
:10813000FAE73A2800D2303820F02002412A01D351
:10814000A2F13700884201D34FF0FF3070470EB5DF
:1081500040F2334202920022CDE900221346FFF79B
:1081600061FC03B000BD70B58C1810F8015B15F010
:10817000070301D110F8013B2A1106D110F8012B99
:1081800003E010F8016B01F8016B5B1EF9D12B07BE
:1081900005D40023521E0DD401F8013BFAE710F874
:1081A000013BCB1A921C03E013F8015B01F8015B61
:1081B000521EF9D5A142D8D3002070BD10B502F0EF
:1081C0008DF802F0D5FF642001F02AFE10BD0000FA
:1081D00010B502F0D7FF322001F022FE02F090F835
:1081E000322001F01DFE1A4800F03CFD18480078CE
:1081F000192802DB164803F0F3FC164801F07EF85C
:1082000000F018FB00F0DCFB1349144800F024FBDD
:1082100002F00AFB0F48FFF78FF8142805D10D4B29
:108220000F4A10490A4800F0DFF90D4A0D49084885
:1082300002F048FB10220C49500102F03CFC1022D5
:10824000094910314FF4087002F035FC10BD0000F0
:1082500059000020E820002088200020682000200D
:108260004820002028200020FD20002021B1826825
:1082700042F00102826003E0826822F00102826023
:108280007047014600208A6802F004020AB101200A
:1082900000E0002070470146C86C80B2704702467B
:1082A000002013680B400BB1012000E00020704754
:1082B000014600208A6802F008020AB1012000E0AD
:1082C0000020704730B502460020002350680F4C54
:1082D00020400D790C6844EA0524204350609068E2
:1082E0000B4C2040D1E902542C434D7944EA45041B
:1082F00020439060D06A20F470000C7C641EE4B2CD
:10830000234340EA0350D06230BD0000FFFEF0FF7F
:10831000FDF7F1FFF0B504460D4600200021092DC0
:1083200011DDE068A5F10A0606EB4607072606FA06
:1083300007F18843A5F10A0606EB460603FA06F1A3
:108340000843E0600CE0206905EB4507072606FAC4
:1083500007F1884305EB450603FA06F1084320615F
:10836000072A0FDA606B561E06EB86071F2606FAF1
:1083700007F18843561E06EB860605FA06F1084308
:10838000606322E00D2A0FDA206BD61F06EB86070A
:108390001F2606FA07F18843D61F06EB860605FA64
:1083A00006F10843206310E0E06AA2F10D0606EB37
:1083B00086071F2606FA07F18843A2F10D0606EB91
:1083C000860605FA06F10843E062F0BD816841F0D7
:1083D00008018160704721B1826842F4A002826086
:1083E00003E0826822F4A00282607047816841F055
:1083F000040181607047000010B501210648FFF7B5
:10840000EAFF00BF02210448FFF749FF0028F9D026
:108410000148FFF740FF10BD0024014000B587B0C0
:108420000121480203F0F6F90121042003F0F2F9DA
:10843000002003F0B3F900208DF81B008020ADF878
:10844000180003208DF81A0006A9194801F02EFE25
:108450000523012207211748FFF75CFF0020019048
:1084600004904FF46020039000208DF809008DF8EF
:10847000080001208DF8140001A90E48FFF722FF23
:1084800001210C48FFF7F2FE0A48FFF79FFF00BFEB
:108490000848FFF70DFF0128FAD00648FFF7A6FFAE
:1084A00000BF0448FFF7EDFE0128FAD007B000BD79
:1084B00000080140002401402DE9FC4705460E4616
:1084C00017469846DDE90A9A13480078012820D11A
:1084D00000201249087000240FE0114850F83410B1
:1084E0002846FEF730FF30B90D4800EBC400007994
:1084F0000A49087003E0601CC4B2122CEDD300BF1F
:1085000043463A4631460548CDE9009A007800F0E6
:1085100009F8BDE8FC870000380000203900002081
:10852000EC2501082DE9F04704460D4616461F4686
:10853000DDE908890A2C29D2DFE804F01F05090EBD
:108540001316191C2225484603F06EF81EE031462A
:10855000284602F031FF19E04146384602F064FE39
:1085600014E002F041FE11E002F0BAFF0EE002F06A
:108570001BFE0BE002F0D6FF08E009F0A1FE05E0CB
:1085800003F0FCF802E000F005F800BF00BFBDE812
:10859000F087000070B502F047F903F0C1F8064615
:1085A0003046FFF784F8044622460B4602A006F048
:1085B000A9FE09F085FE70BD426174746572793A56
:1085C000252E36660D0A0000014601F00F000A1143
:1085D00002EB820200EB4200C0B2704701A009F03A
:1085E0007BF80000427573002DE9F04FDDB0804646
:1085F0000C4615461E4659A9404609F039F959AAB4
:1086000024A154A806F0A8FE402144A8FEF76DFE60
:108610004FF4807104A8FEF768FE59AB20A24021F8
:1086200044A8009606F07EFE44A82B4654AA22A138
:10863000CDE9004004A806F08FFE04A8FEF77CFEFA
:1086400087B2394604A800F0FDFE814644A8FEF733
:1086500073FE1FFA80FA4FF480612448FEF745FE4E
:1086600004AB3A4622A12148CDF8009006F074FEF2
:108670001E48FEF761FE83465A4621A102A806F075
:108680006BFE00F08BFE194902A800F05BFA5DB0AA
:10869000BDE8F08F252E31347330303000000000FB
:1086A0004461746154696D653D25733B4943434999
:1086B000443D257300000000514E3D25733B53544B
:1086C0003D37343B434E3D323038333B50573D25E8
:1086D000733B4D4E3D25733B466C61673D383B43D4
:1086E000503D26262573262600000000D4040020D5
:1086F0002323253034642573253034580D0A0000B7
:108700002564000010B500240020324908700720BD
:10871000314908700821314803F0D8F905E01420E8
:1087200001F07EFB04F1140084B22B480078401E57
:1087300028490978884202DDB4F5967FEFDB2648A8
:108740000078801E81B2264802F064FB254908802B
:10875000234800782D2833D12148407803282FD191
:108760001F4840791E49897940EA01201D4909883E
:10877000884225D1184801781B48FEF7B6FD0A202B
:1087800001F066FB4E20194908701348027814491D
:108790001548FEF791FD0A2001F05AFB12490979AC
:1087A000114AD27841EA0220FEF773FF1049C1F85E
:1087B000260009480178491C0948FEF796FD02E0A9
:1087C00042200A49087009480178094880F82A10AF
:1087D00010BD0000210000202200002043000020E6
:1087E000090F00204C0000203C0000204E0000201B
:1087F000D40E002010B509A006F084FD002406E088
:108800000848015D08A006F07DFD601CC4B2072C7D
:10881000F6DB07A006F076FD10BD0000434F323AAC
:10882000000000003C000020307825303258200045
:108830000D0A000010B504A006F044FA642001F00F
:10884000EFFA00F01BFE10BD41542B434950434C3E
:108850004F53453D300D0A0070B504460D4630A01B
:1088600006F030FA4FF4FA7001F0DAFA30A133482A
:10887000FEF746FD324908600EE000F0FFFD28A03B
:1088800006F020FA4FF4FA7001F0CAFA2DA12B4835
:10889000FEF736FD2A490860294800680028ECD018
:1088A0002FA006F02FFD4FF480713348FEF71DFD19
:1088B0002B46224631A1304806F04EFD2E4806F0E8
:1088C00001FA4FF4FA7001F0ABFA34A11B48FEF73D
:1088D00017FD1B49086000203449086015E0334843
:1088E0000068401C3149086031A11448FEF708FDBA
:1088F00013490860C82001F093FA2C4800686428E6
:1089000003DD00202949086003E00D4800680028C5
:10891000E5D000BF00F0B2FD01F086FF70BD0000A1
:1089200041542B4E45544F50454E0D0A0000000057
:108930002B4E45544F50454E3A203000C401002084
:10894000140000204E6574776F726B20697320618C
:108950006C7265616479206F70656E6564000000FB
:108960002A2A2A2A5443502020454E41424C452A67
:108970002A2A2A0D0A000000D403002041542B4368
:1089800049504F50454E3D302C22544350222C220A
:108990002573222C25730D0A000000002B2B434960
:1089A000504F50454E3A20302C3000001800002027
:1089B0002B4349504F50454E3A20302C3000000098
:1089C00010B501F031FF37A006F07CF94FF47A7052
:1089D00001F026FA36A13A48FEF792FC39490860C0
:1089E0000EE000F04BFD2FA006F06CF94FF47A700A
:1089F00001F016FA2EA13248FEF782FC31490860D8
:108A0000304800680028ECD02FA006F07BFC00F076
:108A100035FD33A006F056F94FF4FA7001F000FA74
:108A200032A12748FEF76CFC26490860084600681A
:108A300020B123490E312FA006F064FC00F01EFD8A
:108A400031A006F03FF94FF4FA6001F0E9F931A1E5
:108A50001B48FEF755FC1B4908600846006818B91A
:108A60002FA11748FEF74CFC15E000F007FD2FA0E2
:108A700006F028F94FF47A7001F0D2F92EA11048CF
:108A8000FEF73EFC0F4908600846006818B924A1AB
:108A90000B48FEF735FC0B4800680028E5D000F0D5
:108AA000EDFC10BD41542B4350494E3F0D0A0000D0
:108AB0002B4350494E3A2052454144590000000092
:108AC000C4010020140000202A2A2A2A53494D20DC
:108AD0002052454144592A2A2A2A0D0A0000000042
:108AE00041542B4353510D0A000000002B435351B6
:108AF0003A0000002A2A2A2A4353513A25732A2A87
:108B00002A2A0D0A0000000041542B4347524547D2
:108B10003F0D0A002B43475245473A20302C310085
:108B20002B43475245473A20302C350041542B43C4
:108B3000474154543F0D0A002B43474154543A20B7
:108B40003100000070B504460D464FF4807139487D
:108B5000FEF7CBFB224638A1364806F0FDFB354830
:108B600006F0B0F84FF4FA7001F05AF937A138481E
:108B7000FEF7C6FB3749086000203749086019E056
:108B800035480068401C3449086030A13048FEF781
:108B9000B7FB304908604FF47A7001F041F92E4874
:108BA00000680A2806DD00202B49086001202B49B7
:108BB000087003E0274800680028E1D000BF28467D
:108BC00006F080F84FF4FA7001F02AF924A1204849
:108BD000FEF796FB1F49086000201F49086019E056
:108BE0001D480068401C1C4908601DA11848FEF77C
:108BF00087FB184908604FF47A7001F011F91648A4
:108C000000680A2806DD0020134908600120134986
:108C1000087003E00F4800680028E1D000BF00F0B2
:108C20002DFC0E480078012802D11E2001F004F925
:108C300070BD0000D403002041542B4349505345DC
:108C40004E443D302C25730D0A0000003E0000000C
:108C5000C401002014000020180000202000002083
:108C60004F4B00002DE9F04F93B0044601F0DCFDBE
:108C7000F7A006F027F84FF4FA7001F0D1F8F6A14A
:108C8000F648FEF73DFBF64908600EE000F0F6FB03
:108C9000EFA006F017F84FF4FA7001F0C1F8EEA15A
:108CA000EE48FEF72DFBEE490860ED48006800280D
:108CB000ECD0ECA006F026FB00F0E0FBEFA006F005
:108CC00001F84FF4FA7001F0ABF8F0A1E348FEF7B9
:108CD00017FBE34908600EE000F0D0FBE7A005F0C9
:108CE000F1FF4FF4FA7001F09BF8E8A1DB48FEF7C2
:108CF00007FBDB490860DA4800680028ECD0E6A1F1
:108D0000D648FEF7FDFAD6490860084600680028F4
:108D100024D100F0B3FBE4A005F0D4FF40F6B83056
:108D200001F07EF8CCA1CD48FEF7EAFACC49086004
:108D30000EE000F0A3FBDCA005F0C4FF4FF4FA70D6
:108D400001F06EF8DCA1C548FEF7DAFAC449086004
:108D5000C34800680028ECD000F090FB01F064FDEF
:108D6000D7A005F0AFFF40F6B83001F059F8D7A111
:108D7000BA48FEF7C5FABA4908600020D54908602C
:108D80001FE0D4480068401CD249086000F076FB20
:108D9000CBA005F097FF40F6B83001F041F8CBA129
:108DA000AE48FEF7ADFAAE490860CA480068072829
:108DB00002D101F039FD04E0C64800680E2800D158
:108DC00003E0A74800680028DBD000BF00F056FB96
:108DD00001F02AFDC0A005F075FF4FF4FA6001F024
:108DE0001FF89DA19D48FEF78BFA9D4908600EE093
:108DF00000F044FBB8A005F065FF4FF4FA7001F0F5
:108E00000FF895A19548FEF77BFA954908609448BC
:108E100000680028ECD000F031FBB3A005F052FF51
:108E20004FF4FA7000F0FCFF8BA18C48FEF768FA53
:108E30008B4908600EE000F021FBABA005F042FF7B
:108E40004FF4FA7000F0ECFF83A18448FEF758FA63
:108E500083490860824800680028ECD000F00EFBCF
:108E6000A6A005F02FFF40F6B83000F0D9FFA7A16B
:108E70007A48FEF745FA7A4908600020954908606B
:108E80003BE094480068401C9249086000F0F6FA04
:108E90009AA005F017FF4FF47A7000F0C1FF9BA174
:108EA0006E48FEF72DFA6E4908608A4800680A2865
:108EB00017D0884800681E2813D0864800683228DA
:108EC0000FD08448006846280BD0824800685A2892
:108ED00007D0804800686E2803D07E48006882284A
:108EE00002D101F0A1FC08E07A480068962804D17C
:108EF00001F09AFC13B0BDE8F08F594800680028D3
:108F0000BFD001F091FC00201090119012900D90B4
:108F10000E900F9000258246514800684F49401A34
:108F2000821E2C214D4802F0CFF805463DB16D1C44
:108F3000284606F0A2FE0746FEF7E4FB10904848DC
:108F4000006800F1020A504606F097FE0746FEF759
:108F5000D9FB0D900025AA4600F090FA67A005F015
:108F6000B1FE4FF47A7000F05BFF68A13B48FEF75A
:108F7000C7F93B49086000205649086018E0554889
:108F80000068401C5349086000F078FA5BA005F0C7
:108F900099FE4FF47A7000F043FF5CA12F48FEF772
:108FA000AFF92F4908604B4800680A2800D1A1E7B3
:108FB0002B4800680028E2D0294800682749401A59
:108FC000821E2C21254802F07FF805463DB16D1C1C
:108FD000284606F052FE0746FEF794FB1190204803
:108FE000006800F1020A504606F047FE0746FEF709
:108FF00089FB0E900025AA4600F040FA3FA005F03C
:1090000061FE4FF47A7000F00BFF40A11348FEF7A9
:1090100077F91349086000202E49086078E02D4850
:109020000068401C2B49086000F028FA33A005F0C6
:1090300049FE4FF47A7000F0F3FE34A10748FEF7C2
:109040005FF907490860234800680A2860D151E7A2
:1090500041540D0A000000004F4B0000C4010020E5
:10906000140000202A2A2A2A41542020544553540F
:1090700020204F4B2A2A2A2A0D0A000041542B4354
:10908000474E53535057523F0D0A00002B43474E53
:1090900053535057523A00002B43474E53535057A7
:1090A000523A20310000000041542B43474E5353A5
:1090B0005057523D310D0A0052454144592100009C
:1090C00041542B43414750530D0A000073756363AD
:1090D000657373001800002041542B4347505348D8
:1090E0004F540D0A0000000041542B43474E535388
:1090F000494E464F3D300D0A0000000041542B43BD
:10910000474E5353494E464F0D0A00004E2C000067
:1091100067480068002882D0654800686549401AA1
:10912000821E2C21634801F0CFFF05463DB16D1C26
:10913000284606F0A2FD0746FEF7E4FA12905C48C6
:10914000006800F1020A504606F097FD0746FEF758
:10915000D9FA0F9058A15046FEF7D2F8861C002E7F
:1091600051D03046FEF719F98046F01DFEF715F98B
:1091700083462C2102A8FEF7B8F8642098FBF0F192
:1091800000FB118064300790642098FBF0F06421AC
:1091900090FBF1F201FB1200401E069042F21070AB
:1091A00098FBF0F0059042F210709BFBF0F0083055
:1091B000049064209BFBF0F090FBF1F201FB1200A5
:1091C000039064209BFBF0F100FB11B0029002A819
:1091D000FEF71EF8019001A8FEF70CFB07461FB929
:1091E00036A006F08FF885E6387D64382070387C2C
:1091F000401C6070387BA070387A207138796071BB
:109200003878A07100BF4FF00009002712E010A9C4
:1092100051F827000021FEF791FA0AD00DA951F864
:1092200027000021FEF78AFA03D009F1010000F0BF
:10923000FF097F1C032FEADBB9F1030F2FD1DDE912
:109240001001FEF7B7F80B901299FEF7B3F8224918
:109250000C90FEF739F98346FEF729FA07463A469D
:109260000B461EA11F4806F077F8DDE90D01FEF759
:10927000A1F80B900F99FEF79DF817490C90FEF797
:1092800023F98346FEF713FA07463A460B4613A125
:109290001448103006F060F813A006F033F80025EB
:1092A000AA4600F0EBF801F0BFFA00BF22E600008A
:1092B00014000020C4010020450000002A2A2A2AA8
:1092C00052544320555044415445204552524F5228
:1092D0002A2A2A2A0D0A000000004040252E366660
:1092E00000000000FD2000202A2A2A2A474E53535E
:1092F000204745542A2A2A2A0D0A00002DE9F04168
:1093000007461DA005F0DEFC4FF4FA7000F088FD62
:109310001CA11E48FDF7F4FF1D4908600EE000F097
:10932000ADF815A005F0CEFC4FF4FA7000F078FD12
:1093300014A11648FDF7E4FF1549086014480068B9
:109340000028ECD013A11148FDF7DAFF041E00D06D
:10935000641D15213846FDF7C8FF3D46002605E08F
:1093600014F8010B05F8010B701CC6B2142EF7DBC4
:1093700000F084F8BDE8F08141542B434943434950
:10938000440D0A002B49434349443A00C4010020DC
:10939000140000204349443A0000000010B513A017
:1093A00005F090FC4FF4FA7000F03AFD134914A058
:1093B00005F0A8FF14A11148FDF7A2FF15490860A8
:1093C0000EE000F05BF814A005F07CFC4FF4FA709E
:1093D00000F026FD14A10948FDF792FF0D49086031
:1093E0000C4800680028ECD010BD000041542B430D
:1093F00049504F50454E3F0D0A000000C401002067
:1094000025730D0A000000002B4349504F50454E74
:109410003A0000001400002041542B4E45544F5098
:10942000454E0D0A000000004E6574776F726B2088
:10943000697320616C7265616479206F70656E6517
:109440006400000070B503460C464FF6FF71002221
:109450000FE0985C80EA1121002507E001F0010689
:10946000490816B14AF2010041406D1C082DF5D3A0
:10947000521CA242EDD388B270BD000010B564202A
:1094800000F0CEFC00200449C1F804014FF48071C3
:109490000148FDF72AFF10BDC401002070B5064643
:1094A0000C4604F08000802808D104F07F0000EB17
:1094B000800106F58E7000EBC10507E004F07F0027
:1094C00000EB800106F55D7000EBC10504F07F0044
:1094D000287004F08000C00968702946304605F005
:1094E000AFF8002070BD70B506460C4604F0800051
:1094F000802808D104F07F0000EB800106F58E7013
:1095000000EBC10505E004EB840106F55D7000EB9E
:10951000C1050020A87004F07F002870C4F3C010BB
:1095200068702946304605F063F8002070BD70B5BC
:1095300005460C4604F08000802805D104F07F0128
:10954000284605F077FA02E0284605F04DFA00209B
:1095500070BD2DE9F04106460D4690461F4605F0C8
:109560008000802808D105F07F0000EB800106F51F
:109570008E7000EBC10407E005F07F0000EB800176
:1095800006F55D7000EBC10405F07F00207005F06A
:109590008000C0096070C4F80880E770607808B186
:1095A0002078E080022F01D1002020712146304632
:1095B00004F0D2FF0020BDE8F0812DE9F04105461E
:1095C0000E461746984606F07F0000EB800105F531
:1095D0005D7000EBC104E760C4F814800020A06156
:1095E000607006F07F002070E878012800D12761C4
:1095F000207820B92146284604F0D2FE03E0214617
:10960000284605F07EF80020BDE8F08108B500226C
:109610000092009A61F30A12009202691268009B9C
:109620001A4303691A6008BD70B506460C4604F07B
:109630008000802808D104F07F0000EB800106F54F
:109640008E7000EBC10505E004EB840106F55D704A
:1096500000EBC1050120A87004F07F002870C4F35E
:10966000C01068702946304605F019F8002070BD1A
:109670002DE9F04107460D461646984605F07F0055
:1096800000EB800107F58E7000EBC10401206070D3
:1096900005F07F002070E66026610020A061C4F81C
:1096A0001480207820B92146384604F079FE03E082
:1096B0002146384605F025F80020BDE8F0811CB5AC
:1096C0000446204604F037FEE068C068009020465B
:1096D00005F0DAF903280BD10020A0704FF40070D8
:1096E000A080009820F4705000F51050009009E020
:1096F0000120A0704020A080009820F4705000F558
:10970000A05000900098E168C86000200190019886
:1097100020F4005000F5005001900198E168486184
:1097200001201CBDF8B50546002400200090284605
:1097300005F0E9F9064690E006F0010000287DD02A
:10974000E1B2284600F002FB0090009800F0010012
:1097500030B3012000FA04F72869406BB843296947
:10976000486300200090009820F00100401C009009
:1097700005F1180050F8240000998160E1B23948E1
:109780000068426828469047E878012808D13CB92B
:1097900040F21110405D042802D1284604F0ABFECF
:1097A0000098C0F3C00060B100200090009820F045
:1097B00008000830009005F1180050F824000099C6
:1097C00081600098C0F3001060B100200090009804
:1097D00020F010001030009005F1180050F824001F
:1097E000009981600098C0F3801060B10020009063
:1097F000009820F040004030009005F1180050F82B
:109800002400009981600098C0F3400060B10020FE
:109810000090009820F00200801C009005F11800D4
:1098200050F82400009981600098C0F3C01028B15E
:109830002146284600F09EFA002000E00BE0009050
:10984000009820F080008030009005F1180050F85A
:10985000240000998160641C7608002E7FF46CAFB0
:109860000120F8BDD00000207CB504460025002072
:109870000190204605F04FF906466FE006F0010022
:10988000002869D0E9B2204605F04DF90190019811
:1098900000F00100C8B300200190019820F0010001
:1098A000401C019004F1540050F82500019981609A
:1098B000E078012817D104F1540050F82500006920
:1098C000009005EB850104F55D7000EBC100806838
:1098D0000099C1F31201411A05EB850204F55D7090
:1098E00000EBC2008161E9B21E48006802682046B0
:1098F0009047E078012808D13DB940F21110005D91
:10990000052802D1204604F0F6FD0198C0F340007E
:1099100060B100200190019820F00200801C0190AD
:1099200004F1540050F82500019981600198C0F3BA
:10993000C00088B10B480068816820468847002035
:109940000190019820F008000830019004F15400C3
:1099500050F82500019981606D1C7608002E8DD18C
:1099600001207CBDD00000203EB50446A07A70B135
:10997000D4F80C010090009820F0020000900098AC
:1099800020F0010000900099D4F80C010160002043
:109990000190019820F00100401C0190206940686E
:1099A0000199884321694860084800688169204618
:1099B000884700200290029820F0004000F100400B
:1099C00002900298E168486101203EBDD00000206D
:1099D0007CB5044600200190019820F01000103062
:1099E0000190E068806901998843E1688861E068D6
:1099F000006A0090009800F00F0000EB800104F571
:109A00005D7000EBC1050098C0F3434007282DD2DC
:109A1000DFE800F02C04051D1E2C1F0027E0009835
:109A2000C0F30A1090B10098C0F30A122046E9680A
:109A300005F083F8E8680099C1F30A110844E8606A
:109A4000A8690099C1F30A110844A8610FE00EE06B
:109A50000DE0082204F2CC51204605F06EF8A8690A
:109A60000099C1F30A110844A86100E000BF00BFDB
:109A7000E068806901990843E168886101207CBD44
:109A800038B5044608480068C16820468847002069
:109A90000090009820F00800083000900098E168DD
:109AA0004861012038BD0000D00000201FB50446E9
:109AB000002000904FF48970005D009023480068FA
:109AC0004169204688472069806801900020039002
:109AD000039820F4006000F5006003900398E168AB
:109AE0004861A07A70B3019800F0010050B340F2D1
:109AF0001510005D012825D19DF80000032821D113
:109B000000200290029820F00100401C0290D4F83E
:109B10000C01006802990843D4F80C1108600298FF
:109B200020F00200801C0290D4F80C010068029919
:109B30000843D4F80C1108600548006840F006009E
:109B400003490860012004B010BD0000D0000020CF
:109B500010ED00E030B587B004460020029006907A
:109B60000590049003900190029820F00100401CA1
:109B70000290206940680299884321694860002169
:109B8000204604F057FF00250BE0FF2104F11800E8
:109B900050F82500816004F1540050F825008160E0
:109BA0006D1C6078A842F0D84FF0FF3120698161C8
:109BB00006986FF30F00401C0690069880B200F5DF
:109BC0008030069006992069C161059820F0080050
:109BD00008300590059820F00100401C059005987C
:109BE00020F00200801C05900599206941610498CD
:109BF00020F00100401C0490049820F00800083078
:109C00000490049820F00200801C049004992069BC
:109C10000161206900680390039820F4FE600390BE
:109C2000039920690160204604F065FC0020019042
:109C3000019820F4805000F5805001900198E1686F
:109C4000486104480068016920468847012007B040
:109C500030BD0000D00000202DE9F04106460F463F
:109C60003946304604F07EFF01214FF4897081555A
:109C70000021801C8155002511E005EB850106F5CA
:109C80008E7000EBC104012060702570E58000201B
:109C9000E0704020A0600020E06060616D1C707882
:109CA000A842EAD8002510E005EB850106F55D70B5
:109CB00000EBC104002060702570E580E07040205A
:109CC000A0600020E06060616D1C7078A842EBD855
:109CD000304604F01FFB304604F04CF900213046BA
:109CE00004F0A8FF304604F0D8F9304604F06BFECB
:109CF000BDE8F08138B504460020009007480068B0
:109D0000C16920468847009820F4801000F5801033
:109D100000900098E1684861012038BDD000002023
:109D200038B504460020009007480068016A2046C4
:109D30008847009820F4001000F50010009000986B
:109D4000E1684861012038BDD000002030B50246EE
:109D500015692B6915696C6B24FA01F505F001058D
:109D600043EAC51302F1180555F82150AD6805EA1C
:109D7000030030BD2DE9F84307460E4600250020BC
:109D8000009006EB860107F58E7000EBC104D4E964
:109D90000501451AA068A84200D2A568E81C4FEA50
:109DA000900807F1180050F82600806900901BE029
:109DB000D4E90501451AA068A84200D2A568E81CAC
:109DC0004FEA9008ABB2F2B23846E16804F059FFAE
:109DD000E0682844E060A0692844A06107F1180009
:109DE00050F8260080690090009880B2404506D95E
:109DF000D4E90510884202D260690028D8D1012038
:109E0000BDE8F883704701460A2091FBF0F200FBA1
:109E100012100A2291FBF2F240EA0210C0B270471F
:109E200000B5034603E04FF47A7000F011F8181EF5
:109E3000A3F10103F7D100BD10B5044603E04FF4D0
:109E40007A70FFF7EDFF201EA4F10104F7D110BDD9
:109E500000EBC001C9004FF0E02251610021916187
:109E60000521116100BF4FF0E021096901F4803143
:109E70000029F8D004214FF0E02211617047000062
:109E8000F8B506460D4614466378227806A12846A2
:109E900005F062FAA078009063782A4606A1304661
:109EA00005F05AFAF8BD0000303A2F253032645FD1
:109EB000253032640000000025732F253032645FA6
:109EC000253032642E747874000000007CB501AA3D
:109ED000694608A006F09FFB05460DB101207CBD38
:109EE00001984089009900FB01F40CB10020F6E7CD
:109EF0000120F4E7303A00002DE9F04FC9B0824666
:109F00008B46144659463EA807F00EFA8146B9F131
:109F1000000F0ED0FFF7DAFF012802D149B0BDE8EB
:109F2000F08F584606F0C9FC8146B9F1000F00D009
:109F3000F4E73EA806F063FBFFF7C8FF012800D155
:109F4000ECE713225146404807F0ECF88146B9F19E
:109F5000000F73D100203C903D9080211CA8FDF79C
:109F6000C4F92379A27839A13CA805F0F5F93A495A
:109F7000D1F82B00FDF79BFB05460E463649C86914
:109F8000FDF795FB074688463349D1F81200FDF7E7
:109F90008EFBCDE91A013049D1F82100FDF787FB8E
:109FA000CDE918012C49D1F80D00FDF780FBCDE972
:109FB000160129498868FDF77AFBCDE91401264985
:109FC000D1F81700FDF773FBCDE912012249D1F852
:109FD0002600FDF76CFBCDE90C78CDE90E56CDE9F6
:109FE0001001DDE91A01CDE90A01DDE91801CDE929
:109FF0000801DDE91601CDE90601DDE91401CDE92D
:10A000000401DDE91201CDE90201DDE910013CAAFC
:10A01000CDE9000111491CA805F09EF90A48C16864
:10A0200006F07BFB1CA8FDF787F905460C4B2A467A
:10A030001CA9054807F0FFF9814600BF024806F059
:10A04000CDFA00BF6AE700004837002025303264AF
:10A050005F25303264000000D40E00203C29010846
:10A060007800002008B50121082001F0D3FB4FF44F
:10A070008070ADF8000003208DF8020014208DF8E8
:10A0800003006946084800F011F84FF40070ADF87D
:10A09000000003208DF8020014208DF803006946AB
:10A0A000014800F003F808BD000C01402DE9F04123
:10A0B000024600250026002000230024002791F8F6
:10A0C00003C00CF00F0591F803C00CF0100CBCF1AC
:10A0D000000F03D091F802C04CEA050591F800C0CA
:10A0E000BCF1000F31D0146800202BE04FF0010CC0
:10A0F0000CFA00F3B1F800C00CEA03069E4220D12E
:10A1000083004FF00F0C0CFA03F7BC4305FA03FC75
:10A110004CEA040491F803C0BCF1280F06D14FF0BB
:10A12000010C0CFA00FCC2F814C00AE091F803C05C
:10A13000BCF1480F05D14FF0010C0CFA00FCC2F83D
:10A1400010C0401C0828D1D31460B1F800C0BCF185
:10A15000FF0F34DD546800202EE000F1080C4FF0B2
:10A16000010808FA0CF3B1F800C00CEA03069E429D
:10A1700021D183004FF00F0C0CFA03F7BC4305FA12
:10A1800003FC4CEA040491F803C0BCF1280F05D18C
:10A1900000F1080C08FA0CF8C2F8148091F803C01A
:10A1A000BCF1480F07D100F1080C4FF0010808FA84
:10A1B0000CF8C2F81080401C0828CED35460BDE8CB
:10A1C000F0810000F0B50A4600230024002100259C
:10A1D00000F00046B6F1004F02D11D4EF16901E0DA
:10A1E0001B4E7168C0F3034583B200F44016B6F508
:10A1F000401F08D121F07061154E766826F0706618
:10A20000134F7E6012E000F48016B6F5801F06D171
:10A21000032606FA05F4A14341F0706106E0460DFD
:10A22000360103FA06F6B14341F0706122B1460DE2
:10A23000360103FA06F6314300F00046B6F1004F4E
:10A2400002D1034EF16101E0014E7160F0BD0000EA
:10A25000000001400246002093680B400BB1012032
:10A2600000E00020704741617047016170470AB10A
:10A27000016100E04161704708B50121042001F04F
:10A28000C9FA0121102001F0C5FA10208DF8030051
:10A29000C002ADF8000003208DF8020069460D48A9
:10A2A000FFF704FF4FF400410A48FFF7DCFF1020DE
:10A2B0008DF803008001ADF8000003208DF8020046
:10A2C00069460548FFF7F2FE4FF480610248FFF748
:10A2D000CAFF08BD000801400010014010B54FF44E
:10A2E00080610648FFF7C1FF40F6B830FFF798FDE0
:10A2F0004FF480610148FFF7B6FF10BD0010014028
:10A3000010B54FF480610648FFF7AFFF6420FFF7F8
:10A3100087FD4FF480610248FFF7A5FF10BD0000E4
:10A32000001001402DE9F04FADF5397D0446894616
:10A330009246DDF808B3B4A9204607F099FAB4AA0A
:10A3400056A1AFA805F008F84FF400712FA8FCF74C
:10A35000CCFFD4F82B00FDF7AAF905460E46D4F839
:10A360001700FDF7A4F907468846D4F82600FDF744
:10A370009EF9CDE92A01D4F82100FDF798F9CDE93D
:10A380002801E069FDF793F9CDE92601D4F8120020
:10A39000FDF78DF9CDE92401D4F80D00FDF787F91B
:10A3A000CDE92201A068FDF782F9CDE920012F2037
:10A3B000005DCDE91C561E90E07ECDE918781A901C
:10A3C0002A20005D1690DDE92A01CDE9140125203F
:10A3D000005D1290DDE92801CDE910012020005D2B
:10A3E0000E90DDE92601CDE90C01A07D0A90DDE9A2
:10A3F0002401CDE90801607C0690DDE92201CDE968
:10A400000401207B0290DDE92001B4AACDE900011E
:10A4100025492FA804F0A0FF2FA80521CDE901A907
:10A42000CDE9031040F2DB701623AFAA1FA1009004
:10A430002E4804F091FF2D48FCF77EFF85B2294697
:10A440002A48FEF7FFFF2E902FA8FCF775FF80B279
:10A450002D902648FCF770FF0A3080B22C902C9883
:10A46000584508DD22A004F04DFF4FF0FF300DF5F8
:10A47000397DBDE8F08F4FF480612148FCF735FF4E
:10A480001A48FCF759FF05462E98184B2A461DA17D
:10A4900000901B4804F060FF0020E8E7252E3134CF
:10A4A00073303030000000008C270108514E3D25EC
:10A4B000733B53543D25643B434E3D25643B50570D
:10A4C0003D25733B4D4E3D25733B466C61673D25F5
:10A4D000643B504E554D3D313B504E4F3D313B431B
:10A4E000503D26262573262600000000D4080020B3
:10A4F000BBBAB3E5C7F8B2BBD7E30D0A0000000052
:10A50000D4040020232325303464257325303458A7
:10A510000D0A000001A007F0DFF800004861726436
:10A520000000000070B504462046FDF7C0F805465F
:10A5300000220A4BFDF7CEF803D800200849087026
:10A540000BE008492046FDF703F903D80120044930
:10A55000087002E002200249087070BD000025402A
:10A560003A0000200000204110B54FF480700C49E3
:10A57000086000F02FF94FF400700949086000F0FE
:10A5800029F94FF480700649091F086000F022F98C
:10A590004FF480700249086000F01CF910BD000003
:10A5A000140C014010B54FF480700C49086000F0A5
:10A5B00011F94FF400700949091F086000F00AF909
:10A5C0004FF480700549091F086000F003F94FF44B
:10A5D00080700249086000F0FDF810BD140C0140C5
:10A5E00070B508250024A8011249086016E060062D
:10A5F000040E4FF480700F49091D086000F0EAF85E
:10A600004FF480700B49086000F0E4F809480838FE
:10A61000006800F4007008B144F00104281EA5F1A0
:10A620000101CDB2E3D14FF480700249091D0860E9
:10A63000204670BD100C014070B5044608251DE091
:10A640004FF480701249086000F0C4F804F08000F4
:10A6500028B14FF400700E49091F086003E04FF461
:10A6600000700B4908606006040E00F0B3F84FF468
:10A6700080700749091F086000F0ACF8281EA5F19A
:10A680000101CDB2DCD14FF480700149086070BD8A
:10A69000140C014010B54FF400701149086000F02F
:10A6A00099F84FF480700E49086000F093F80C4858
:10A6B0000838006800F4007008B9002010BD4FF49D
:10A6C00000700749091D086000F084F84FF480709D
:10A6D0000349091D086000F07DF80120EEE7000045
:10A6E000100C014010B54FF480700C49086000F068
:10A6F00071F84FF400700949086000F06BF84FF4EE
:10A7000080700649091F086000F064F84FF400707B
:10A710000249091F086000F05DF810BD140C0140EB
:10A7200010B54FF480701249086000F053F84FF4F0
:10A7300000700F49091F086000F04CF84FF480705A
:10A740000B49091F086000F045F809480C380068FB
:10A7500000F4007028B14FF48070054908600020B3
:10A7600010BD4FF48070024908600120F8E7000036
:10A77000140C01402DE9F04104460E4617461D46D3
:10A78000642C01D104F08DFDFFF784FF2046FFF714
:10A7900053FFFFF7C5FF20B9FFF7A4FF0020BDE876
:10A7A000F0813046FFF748FFFFF7BAFF05E015F8E4
:10A7B000010BFFF741FFFFF7D7FE381EA7F101019C
:10A7C000CFB2F4DCFFF78EFF642C01D104F046FD1C
:10A7D0000120E4E76C2001E0411EC8B20028FBD153
:10A7E000704710B51420FFF733FB10BD10B5FFF70D
:10A7F00039FC10BD4CF6CC400149086070470000A0
:10A800000030004010B545F2555000F021F8062008
:10A8100000F012F840F6FF7000F014F800F004F8B1
:10A82000FFF7E8FF10BD00004AF6AA2001490860C2
:10A830007047000000300040014948607047000048
:10A84000003000400149886070470000003000403F
:10A8500001490860704700000030004008B5012140
:10A86000102000F0D7FF10208DF803004001ADF854
:10A87000000003208DF8020069460448FFF716FC2B
:10A880004FF400710148FFF7F0FC08BD00100140D3
:10A8900008B50121082000F0BDFF10208DF803004D
:10A8A0000002ADF8000003208DF80200694604485C
:10A8B000FFF7FCFB4FF480510148FFF7D6FC08BDC1
:10A8C000000C01402DE9F047DEB007460C46154666
:10A8D0005AA9384606F0CCFF5AAA27A155A804F079
:10A8E0003BFD402145A8FCF700FD4FF4807105A811
:10A8F000FCF7FBFC234901F110005AAB22A2CDE981
:10A900000001402145A804F00DFD45A808212B4673
:10A9100055AACDE90041029024A105A804F01CFD30
:10A9200005A8FCF709FD86B2314605A8FEF78AFDA9
:10A93000804645A8FCF700FD1FFA80F94FF48061BE
:10A940002748FCF7D2FC05AB324626A12448CDF8B7
:10A95000008004F001FD2248FCF7EEFC82465246DE
:10A9600024A103A804F0F8FC1D4903A8FEF7EAF8A7
:10A970005EB0BDE8F0870000252E313473303030F2
:10A9800000000000FD2000204461746154696D6581
:10A990003D25733B4C6E673D25732C4C61743D2502
:10A9A000733B53423152533D31000000514E3D251F
:10A9B000733B53543D37333B434E3D333034313B8F
:10A9C00050573D25733B4D4E3D25733B466C6167AB
:10A9D0003D25643B43503D26262573262600000076
:10A9E000D4040020232325303464257325303458C3
:10A9F0000D0A00002564000008B50121102000F0B8
:10AA000009FF14208DF803004FF4C070ADF800006A
:10AA100003208DF8020069460448FFF747FB4FF416
:10AA2000C0710248FFF721FC08BD00000010014082
:10AA30002DE9F04105460F46164600F076FAA020B3
:10AA400000F051FA00F012FA281200F04CFA00F06F
:10AA50000DFAE8B200F047FA00F008FA012804D134
:10AA600000F077FA0120BDE8F08100F05EFAA12045
:10AA700000F039FA00F0FAF9012803D100F069FA80
:10AA80000120F0E7002410E000F005FA3855711EAF
:10AA9000A14201D1012100E00021084600F014FA92
:10AAA0000A20FFF7D5F9601CC4B2B442ECDB00F019
:10AAB00050FA0020D7E72DE9F04104460E4617462C
:10AAC00000F033FA10B10120BDE8F081A02000F0C1
:10AAD0000AFA00F0CBF9012803D100F03AFA01207C
:10AAE000F2E7201200F0FFF900F0C0F9E0B200F048
:10AAF000FAF900F0BBF9002506E0705D00F0F3F90B
:10AB000000F0B4F9681CC5B2BD42F6DB00F021FAD2
:10AB10000A20FFF785F90020D6E7000010B50446AB
:10AB20000D48007B48B90C48806830B10B4800786C
:10AB300018B901212046FEF777FD81212046FEF756
:10AB400073FD06480078022805D11F23024A01211F
:10AB50002046FEF732FD10BDF0870020E500002002
:10AB600010B504462B4840682B4948602948806846
:10AB700088600121204602F006FC1F2810D12548DC
:10AB80000068264988420BD12248407B012807DC17
:10AB90002048807B012803DB1E48807B10280CDDC9
:10ABA0001C49487B2022052101F000FC02201C49A1
:10ABB00008702046FFF7B2FF2AE01648417B00F1FB
:10ABC0000F02204601F048F9002803DA2046FFF77B
:10ABD000A5FF1DE013480078022819D0114800781D
:10ABE000012815D00F480078032811D00E4800889E
:10ABF000002806DD0C4802880C49204600F0E0F8E9
:10AC000006E00948008818B90021204600F0B8F88D
:10AC100010BD0000F08700201088002055534243EB
:10AC2000E5000020E4000020E2000020F0670020A2
:10AC300070B505460C460C480078022807D18121E2
:10AC40002846FEF7F1FC0020074908700BE004F0ED
:10AC50008000802807D104480078012803D0012112
:10AC6000284600F08DF870BDE500002070B5044660
:10AC70000D4610480078022804D0032811D004287B
:10AC800014D10DE00C48417B00F10F02204601F089
:10AC9000E3F8002803DA0121204600F071F806E00D
:10ACA00000BF0021204600F06BF800E000BF00BFAD
:10ACB00070BD0000E4000020F087002070B504465D
:10ACC0000D460D48007810B1012812D103E020464E
:10ACD000FFF746FF0EE00948417B00F10F022046D6
:10ACE00001F0BAF8002803DA0121204600F048F804
:10ACF00000E000BF00BF70BDE4000020F08700202E
:10AD00000021014A11707047E400002010B504468C
:10AD100000200C4908700C4908700C480068016854
:10AD20000020884701212046FEF701FC81212046B2
:10AD3000FEF7FDFB1F23064A01212046FEF73DFCDE
:10AD400010BD0000E4000020E50000209801002074
:10AD5000F087002010B50446002006490870012045
:10AD6000054908701F23054A01212046FEF725FCEE
:10AD700010BD0000E4000020E5000020F087002066
:10AD800070B505460C460A480A490860084604732F
:10AD90000020094908700D23064A81212846FEF744
:10ADA00067FC1F23054A01212846FEF706FC70BDFB
:10ADB0005553425310880020E4000020F087002003
:10ADC00070B506460D4614460C488068A04202D273
:10ADD0000A48806800E0204684B209488068001B69
:10ADE000074988600020087304200649087023463C
:10ADF0002A4681213046FEF73BFC70BDF0870020DB
:10AE000010880020E400002001A006F065FC00008E
:10AE10004D656D0030B502460B464FF6FF700021C0
:10AE200012E0545C604000240AE000F0010525B106
:10AE300040104AF20105684000E04010651CECB289
:10AE4000082CF2DB4C1CA1B29942EADB30BD0000B9
:10AE500010B54FF480710448FFF7FCF904460A204E
:10AE6000FEF7F6FF204610BD0010014010B500208F
:10AE700000F07EF8012000F087F8012000F078F85B
:10AE80000A20FEF7E5FFFFF7E3FF0446002000F08D
:10AE90006FF8204610BD70B50025012000F074F851
:10AEA00000240DE0012000F063F8FFF7D1FF10B19E
:10AEB000802020410543002000F05AF8601CC4B2F5
:10AEC000082CEFDB284670BD10B50446002000F0CA
:10AED0004FF8204600F058F8012000F049F8002013
:10AEE00000F046F810BD70B50546002417E00020BC
:10AEF00000F03EF880212141294009B1012100E004
:10AF00000021084600F040F80A20FEF7A1FF0120CA
:10AF100000F02EF80A20FEF79BFF601CC4B2082C3C
:10AF2000E5DB002000F024F870BD10B5012000F032
:10AF30002BF8012000F01CF8FFF78AFF08B9012068
:10AF400010BD002000F020F8002000F011F80020D3
:10AF5000F6E710B5002000F00BF8002000F014F820
:10AF6000012000F005F8012000F00EF810BD0000EF
:10AF700010B50446224680210248FFF778F9FFF712
:10AF800030FC10BD0010014010B5044622464FF4BD
:10AF900080710348FFF76BF9FFF723FC10BD000039
:10AFA0000010014008B50121182000F033FC1020EA
:10AFB0008DF803004FF44040ADF8000003208DF8F9
:10AFC000020069461248FFF771F810208DF803005F
:10AFD0004020ADF8000003208DF8020069460D48BE
:10AFE000FFF764F848208DF803004FF40050ADF8E7
:10AFF000000003208DF8020069460548FFF756F867
:10B00000012000F055F8002000F046F808BD0000CF
:10B01000000C01400010014010B54FF400510248EF
:10B02000FFF718F910BD0000000C014010B500201A
:10B0300000F03EF810BD10B5012000F039F810BD49
:10B0400070B505460026002417E0802121412940E3
:10B0500009B1012100E00021084600F013F80120A9
:10B0600000F01AF8FFF7D8FF10B180202041064306
:10B07000002000F011F8601CC4B2082CE5DB30465B
:10B0800070BD000010B50446224640210148FFF77C
:10B09000EEF810BD0010014010B5044622464FF4F2
:10B0A00000410248FFF7E3F810BD0000000C01402A
:10B0B00010B5044622464FF480410248FFF7D7F806
:10B0C00010BD0000000C014030B5034600240020F4
:10B0D00004E01D5C8D4200D11C18401C904202D23D
:10B0E0001D5C002DF5D1204630BD704770B50021A4
:10B0F00000230F22C47804B3154C246804F4E064E0
:10B10000C4F5E064210AC1F10403CA40447804FA9A
:10B1100003F184781440214309010E4C0678A155AF
:10B12000047804F01F050124AC4005786D11AD00D2
:10B1300005F1E025C5F8004109E0047804F01F0599
:10B140000124AC40044D0678761145F8264070BDC8
:10B150000CED00E000E400E080E100E00249014382
:10B16000024A1160704700000000FA050CED00E093
:10B1700010B54FF400710248FFF777F810BD0000DA
:10B180000010014010B54FF400710248FFF76BF852
:10B1900010BD00000010014010B5024802F054FA42
:10B1A00010BD00002021002010B5FFF73DFB05A0D9
:10B1B00004F0A8F803F09CFD07A004F0A3F807F042
:10B1C0007FF810BD455241534520535441525420FD
:10B1D00020202020000000004552415345204649D0
:10B1E0004E4953480D0A000010B5FFF71DFB03A0A0
:10B1F00004F088F807F064F810BD0000546865207A
:10B20000706172616D6574657228475053292068BA
:10B210006173206E6F74206265656E207574696C51
:10B22000697A65642E0D0A002DE9F05F07460E4627
:10B23000DFF8D88036A14046FCF785F830B93346B0
:10B240001622394633A004F05DF849E041463DA09E
:10B2500004F058F80024A1460025A3463CA140462E
:10B26000FCF74EF8041E18D0E41C3B212046FCF7E6
:10B2700059F8B0F100090CD020213846FCF735F818
:10B28000BA4603E014F8010B0AF8010B4C45F9D358
:10B2900000BF39462FA004F035F832A14846FCF72C
:10B2A0002FF8051E18D02D1D3B212846FCF73AF833
:10B2B000B0F1000B0CD020213046FCF716F8B24656
:10B2C00003E015F8010B0AF8010B5D45F9D300BF47
:10B2D000314626A004F016F828A004F013F800BFA9
:10B2E000202239460020FFF7E6FB0A20FEF798FDF2
:10B2F000202231461046FFF7DEFB0A20FEF790FDC4
:10B3000006F0DEFFFFF790FABDE8F09FA41F0020D3
:10B31000000000006D6E3D25733B73743A25643B5D
:10B320007077643D25733B6D696E3D353B74656E8A
:10B330003D303B686F75723D303B6461793D303B19
:10B340000D0A0000706172616D3A25730D0A0000EC
:10B350006D6E3D004D4E636F6E6669673A25730DE5
:10B360000A0000007077643D0000000050574463FD
:10B370006F6E6669673A25730D0A00005468652090
:10B3800075706C6F61642074696D652835206D6916
:10B390006E2920616E64205354283232292068615E
:10B3A0007665206E6F74206265656E2061646A75D3
:10B3B000737465640D0A00002DE9F05F07460D46C1
:10B3C000FFF732FADFF8C89032A14846FBF7BBFF1F
:10B3D00028B92A46394630A003F094FF44E0494694
:10B3E00032A003F08FFF0024A0460026A34632A11E
:10B3F0004846FBF785FF041E18D0241D3B2120463C
:10B40000FBF790FFB0F100080CD020213846FBF785
:10B410006CFFBA4603E014F8010B0AF8010B44452F
:10B42000F9D300BF394626A003F06CFFB8F1000F36
:10B4300019D008F107063B213046FBF773FFB0F146
:10B44000000B0CD020212846FBF74FFFAA4603E053
:10B4500016F8010B0AF8010B5E45F9D300BF294627
:10B460001BA003F04FFF00BF202239464020FFF70A
:10B4700022FB0A20FEF7D4FC202229466020FFF799
:10B480001AFB0A20FEF7CCFC06F01AFFBDE8F09F7D
:10B49000A41F0020000000006970313D25733B703F
:10B4A0006F7274313D25733B0D0A0000706172614B
:10B4B0006D3A25730D0A00006970313D00000000EF
:10B4C0004950636F6E6669673A25730D0A00000084
:10B4D000504F5254636F6E6669673A25730D0A00C8
:10B4E00010B5FFF7A1F903A003F00CFF06F0E8FE8A
:10B4F00010BD000054686520706172616D657465EF
:10B50000722853414D504C452920686173206E6F5D
:10B5100074206265656E207574696C697A65642E45
:10B520000D0A000010B586B0FFF77EF900200490E8
:10B530000590082204A903F012FC25A003F0E2FE06
:10B54000002405E004A8015D25A003F0DBFE641CD7
:10B55000082CF7DB24A003F0D5FE002003F039FC13
:10B5600022A207CA01AB07C3082201A9002003F0E9
:10B57000D0FB002004900590082204A903F0EFFB03
:10B580001DA003F0BFFE002405E004A8015D14A087
:10B5900003F0B8FE641C082CF7DB13A003F0B2FE26
:10B5A0009DF81000312807D19DF81700382803D1E5
:10B5B00016A003F0A7FE02E017A003F0A3FE0020F0
:10B5C00003F007FC06F07CFEFFF72EF906B010BD75
:10B5D0004F726967696E616C20446174613A000062
:10B5E00025303278200000000D0A0000313233345B
:10B5F00035363738000000005265616420577269A3
:10B600007474656E20446174613A0000546573740B
:10B61000204F6B0D0A000000546573742045727250
:10B620006F720D0A000000007FB50446FFF7FCF8BA
:10B63000214E22A13046FBF786FE70B9A0796179D0
:10B640002279CDE900210290A3786278207800F574
:10B65000FA611BA003F056FE2BE03046FBF79DFE7F
:10B66000039021A0039903F04DFE03A8FCF7C2F854
:10B670000546287D64382070287C401C6070287B3B
:10B68000A070287A2071287960712878A0712046EE
:10B6900000F0A6FAA07961792279CDE90021029023
:10B6A000A3786278207800F5FA6112A003F02AFEF0
:10B6B00000BF06F005FE7FBDA41F002000000000B3
:10B6C00041542B54494D453A253034642D253032B0
:10B6D000642D2530326420253032643A25303264BE
:10B6E0003A253032640D0A0074696D653A25640D9F
:10B6F0000A0000004E45572054494D453A25346410
:10B700002D253032642D2530326420253032643AC4
:10B71000253032643A253032640D0A00704700004B
:10B720002DE9F047FCF768FEFCF766FE81464846C7
:10B73000FBF7B8FF07460C49FBF7C6FE06460B4968
:10B74000FBF7C2FE05460A49FBF78CFE044620467D
:10B75000FBF7ADFF0746074A074BFBF7F3FE05462D
:10B76000FBF7D0FFBDE8F08700F07F4500002041E7
:10B7700000007D439A9999999999D93F10B5FFF79F
:10B7800053F803F049FD6420FEF74AFBFDF732F859
:10B790006420FEF745FB06F093FD10BD0146002036
:10B7A000034A506820F4404008435060704700004E
:10B7B0000010024029B1064A52690243044B5A6103
:10B7C00004E0034A52698243014B5A61704700000A
:10B7D0000010024029B1064AD2690243044BDA61E3
:10B7E00004E0034AD2698243014BDA6170470000EA
:10B7F0000010024029B1064A12690243044B1A6143
:10B8000004E0034A12698243014B1A617047000049
:10B810000010024029B1064A92690243044B9A6122
:10B8200004E0034A92698243014B9A617047000029
:10B830000010024029B1064AD2680243044BDA6084
:10B8400004E0034AD2688243014BDA60704700008B
:10B85000001002402DE9F0410021002200250023C4
:10B860000026002400278C46DFF86081D8F8048089
:10B8700008F00C0121B1042907D0082959D109E0A9
:10B88000DFF84C81C0F8008058E0DFF84481C0F850
:10B89000008053E0DFF83481D8F8048008F4701297
:10B8A000DFF82881D8F8048008F48035920C0D2A3E
:10B8B00001D0921C00E0062235B9DFF8188102FBA6
:10B8C00008F8C0F8008033E0DFF80081D8F82C8059
:10B8D00008F48036DFF8F480D8F82C8008F00F08E0
:10B8E00008F1010446B9DFF8E880B8FBF4F808FB7A
:10B8F00002F8C0F800801BE0DFF8D080D8F82C8078
:10B90000C8F3031808F10107DFF8C080D8F82C80CD
:10B91000C8F3032808F1020CDFF8B480B8FBF7F88D
:10B9200008FB0CF8B8FBF4F808FB02F8C0F800803C
:10B9300004E0DFF89C80C0F8008000BF00BFDFF8A3
:10B940008C80D8F8048008F0F0010909DFF88880BD
:10B9500018F80130D0F8008028FA03F8C0F8048005
:10B96000DFF86880D8F8048008F4E061090ADFF89D
:10B97000688018F80130D0F8048028FA03F8C0F87D
:10B980000880DFF84880D8F8048008F46051C90ABC
:10B99000DFF8448018F80130D0F8048028FA03F862
:10B9A000C0F80C80DFF82480D8F8048008F4404107
:10B9B000890BDFF8288018F80130D0F80C80B8FB2C
:10B9C000F3F8C0F81080BDE8F081000000100240DC
:10B9D0000024F40000127A00000000201000002073
:10B9E00010B588B0044601218804FFF7F3FE012159
:10B9F0000820FFF70FFF01212020FFF70BFF182081
:10BA00008DF81F004FF48060ADF81C0003208DF806
:10BA10001E0007A92648FEF749FB48208DF81F00A5
:10BA20004FF40060ADF81C0003208DF81E0007A93C
:10BA30001F48FEF73BFB03940020ADF818000C20D4
:10BA4000ADF816000020ADF81400ADF81200ADF806
:10BA5000100003A9174801F00FFA012240F2255106
:10BA6000144801F0E4F927208DF8080001208DF832
:10BA70000B008DF8090002208DF80A0002A8FFF7DC
:10BA800035FB01210B4801F041F90420ADF8040019
:10BA900010208DF8070003208DF8060001A9064844
:10BAA000FEF704FB04210448FEF7DDFB08B010BDDF
:10BAB000000C0140004800400014014010B5042172
:10BAC0000148FEF7D0FB10BD0014014070B50546DB
:10BAD0000E4600F025F84FF4FA70FEF7B9F900248D
:10BAE0000CE000BF80210D4801F06AF90028F9D070
:10BAF000295D0A4801F031FA601CC4B2B442F0DB9F
:10BB000000BF8021054801F05BF90028F9D0022030
:10BB1000FEF786F9FFF7D2FF70BD00000048004035
:10BB200010B504210148FEF7A0FB10BD0014014030
:10BB300070B50446FEF7AEFD6420FEF77DFDFEF70E
:10BB4000EFFD18B9FEF7CEFD002070BD0020FEF716
:10BB500073FDFEF7E5FDFEF79DFD6520FEF76CFD2C
:10BB6000FEF7DEFDFEF73CFD0546FCF72DFDA0715E
:10BB7000FEF7FAFCFEF734FD0546FCF725FD607183
:10BB8000FEF7F2FCFEF72CFD00F07F052846FCF7DF
:10BB90001BFD2071FEF7E8FCFEF722FD0546FCF7D1
:10BBA00013FDE070FEF7E0FCFEF71AFD0546FCF71A
:10BBB0000BFDA070FEF7D8FCFEF712FD0546FCF762
:10BBC00003FD6070FEF7D0FCFEF70AFD0546FCF7AA
:10BBD000FBFC2070FEF7E6FCFEF784FD0120B4E7D5
:10BBE00070B5044603F05DFBFEF754FD6420FEF7DC
:10BBF00023FDFEF795FD18B9FEF774FD002070BD1A
:10BC00000020FEF719FDFEF78BFDA079382808DC2F
:10BC1000A179C91CC8B2FEF7F6F80546FEF70CFD7F
:10BC200002E05920FEF708FDFEF77AFD6079FEF785
:10BC3000EAF80546FEF700FDFEF772FD2079FEF7F3
:10BC4000E2F840F080052846FEF7F6FCFEF768FDB6
:10BC5000E078FEF7D8F80546FEF7EEFCFEF760FD4B
:10BC6000A078FEF7D0F80546FEF7E6FCFEF758FD93
:10BC70006078FEF7C8F80546FEF7DEFCFEF750FDDB
:10BC80002078FEF7C0F80546FEF7D6FCFEF748FD23
:10BC9000FEF728FD03F0E2FA0120B0E710B500241A
:10BCA0000020124908700820114908700821114825
:10BCB000FFF70CFF05E01420FEF7B2F804F11400C2
:10BCC00084B20B480078401E08490978884202DD9A
:10BCD000B4F5FA7FEFDB062207490648FBF74EFB77
:10BCE00008B9002010BD0120FCE700002100002061
:10BCF000220000202C000020090F00202DE9F04137
:10BD000004460F4615461E46202221460020FEF717
:10BD10008FFE0A20FEF784F8202239461046FEF7EF
:10BD200087FE0A20FEF77CF8202229464020FEF7F5
:10BD30007FFE0A20FEF774F8202231466020FEF7CD
:10BD400077FE0A20FEF76CF8102209495001FEF731
:10BD50006FFE0A20FEF764F81022054910314FF4F7
:10BD60000870FEF765FE0A20FEF75AF8BDE8F0817C
:10BD7000FD20002070B506460C461546601907499F
:10BD80000968884207D921220521304600F00EFBC0
:10BD90004FF0FF3070BD0020FCE70000880000205D
:10BDA00030B504460A46507800F0010010B10E4B41
:10BDB00007210CE00D480068C06904EBC40500EBE6
:10BDC00085031879411D1079884200DC11790848F3
:10BDD000018004E0481E81B2585C064D6854002979
:10BDE000F8D1002030BD0000B426010898010020E1
:10BDF000E2000020F067002010B502460B46082143
:10BE00000648018005E0481E81B20548405C054CAB
:10BE100060540029F7D1002010BD0000E20000208E
:10BE2000C3260108F067002010B502460B46082122
:10BE30000648018005E0481E81B20548405C054C7B
:10BE400060540029F7D1002010BD0000E20000205E
:10BE5000BB260108F067002070B505460E46144663
:10BE600032480560207823283ED00DDC1A2831D0D6
:10BE700005DCB0B1032819D012284ED11BE01B28D5
:10BE80001ED01E2849D120E02A283CD004DC2528D9
:10BE90002FD0282841D131E02F2839D05A283CD141
:10BEA0001DE02146304600F0A7FA70BD214630461D
:10BEB00000F030FAF9E721463046FFF771FFF4E76A
:10BEC0002146304600F090FAEFE72146304600F078
:10BED0008BFAEAE721463046FFF7A6FFE5E7214661
:10BEE0003046FFF789FFE0E72146304600F0CEF903
:10BEF000DBE72146304600F06DF9D6E721463046B3
:10BF000000F0E4F8D1E72146304600F0C5FACCE76E
:10BF10002146304600F098FAC7E720220521304636
:10BF200000F044FA4FF0FF30BFE700009C00002013
:10BF30002DE9F041054627480068B0F5005F02D2C0
:10BF40002448006801E04FF400500446224800688D
:10BF5000B4FBF0F086B2204800232049026803C9F0
:10BF6000FBF724F907461E48006833463A461D4948
:10BF7000D0F810C02846E047002808DA1122042132
:10BF8000284600F013FA4FF0FF30BDE8F081234659
:10BF9000144A812114480068FDF76AFB0F48D0E974
:10BFA0000020121940F100000C49C1E900200948A5
:10BFB0000068001B074908600C488068001B0B499B
:10BFC00088600448006810B90320094908700020FF
:10BFD000DBE7000098000020840000209000002093
:10BFE00098010020F06700209C00002010880020AD
:10BFF000E40000202DE9F04105462D480068B0F529
:10C00000005F02D22A48006801E04FF40050044665
:10C0100028480068B4FBF0F086B226480023264981
:10C02000026803C9FBF7C2F8074624480068334694
:10C030003A462349D0F814C02846E047002808DAD9
:10C0400003220421284600F0B1F94FF0FF30BDE88B
:10C05000F0811948D0E90020121940F1000016497A
:10C06000C1E9002012480068001B1149086015480A
:10C070008068001B134988600D48006828B90021BA
:10C0800011480068FEF77CFE10E009480068B0F532
:10C09000005F02D20648006801E04FF4005083B20E
:10C0A000074A012108480068FDF787FA0020CEE71B
:10C0B00098000020840000209000002098010020BB
:10C0C000F0670020108800209C0000202DE9F0413E
:10C0D00005460C4638480078002864D13748007B74
:10C0E00000F08000802809D03449487B20220521B7
:10C0F00000F05CF94FF0FF30BDE8F0813048006897
:10C1000081682846884738B13A220221284600F043
:10C110004DF94FF0FF30EFE7A0780006E17840EAF4
:10C120000140217940EA012061790843C117254A7D
:10C1300003C2207AE17940EA0120234908600846D9
:10C14000008882B21F4801682846FFF713FE0028C6
:10C1500002DA4FF0FF30CFE7022017490870194884
:10C16000D0E90032194800680021A3FB006702FBF8
:10C17000007003FB01001349C1E900601248006828
:10C18000124909684843104908600C4880680968EA
:10C19000884208D00949487B2022052100F006F991
:10C1A0004FF0FF30A8E74FF40050094908802846B7
:10C1B000FFF7BEFEA0E70000E4000020F0870020AB
:10C1C00098010020900000209800002084000020AA
:10C1D000E200002070B504460D461F4800681F4A63
:10C1E0001F4943682046984738B13A220221204629
:10C1F00000F0DCF84FF0FF3070BD19480068401EB9
:10C20000000E1849087016480068401E000C48705F
:10C2100013480088401E000A887011480078401EAC
:10C22000C8700E480068000E08710C480068000CC9
:10C2300048710A480088000A887108480078C87167
:10C24000082009490880054802680548016807A0D8
:10C2500003F058F80020CFE7980100208400002068
:10C2600088000020F0670020E20000204361706138
:10C27000636974793A20626C6F636B733D256C75EA
:10C280002C2073697A653D256C750A007CB50546DE
:10C290000E46002404E000201B490855601C84B2AF
:10C2A0000C2CF8DB1948006801AA69464368284647
:10C2B000984738B13A220221284600F077F84FF02B
:10C2C000FF307CBD08201049C8700098401E000E49
:10C2D00008710098401E000C48710098401E000A2A
:10C2E00088710098401EC871022008720198000CE5
:10C2F00048720198000A88720198C8720C2004499B
:10C3000008800020DDE70000F06700209801002091
:10C31000E200002010B50346002204E000201E4C7D
:10C32000A054501CC2B2122AF8DB70201A4C2070A4
:10C330000C20E07119480078194C2478A04221D0D3
:10C340001848164C247810F83400134CA070154887
:10C35000124C247800EBC40040790F4C2073114834
:10C360000E4C247800EBC40000790B4C60730B4832
:10C370000078401C094C207020460078042801D128
:10C38000002020701220084C20800879122801DC3F
:10C3900008792080002010BDF06700208000002078
:10C3A0008100002090670020E200002030B50C4B97
:10C3B0000C4C247803F834101302094C094D2D78E5
:10C3C00004EBC5046360074B1B785B1C054C2370B2
:10C3D00023461B78042B01D10023237030BD0000BD
:10C3E000906700208100002002460020014B188049
:10C3F00070470000E200002070B504460D460F486B
:10C40000806840B10D49487B20220521FFF7CEFF0F
:10C410004FF0FF3070BD0A480068816820468847A9
:10C4200038B13A2202212046FFF7C0FF4FF0FF301B
:10C43000F0E700200349088000BFEBE7F087002009
:10C4400098010020E200002070B505460C46607897
:10C4500000F00200022807D1242205212846FFF718
:10C46000A5FF4FF0FF3070BD0848008882B2084831
:10C4700001682846FFF77EFC002802DA4FF0FF3003
:10C48000F1E700200349088000BFECE79800002096
:10C4900090000020E20000202DE9F04105460C4606
:10C4A0004748007800286ED14648007B00F08000A5
:10C4B000802809D14349487B20220521FFF776FFD8
:10C4C0004FF0FF30BDE8F0813F48006881682846A2
:10C4D000884738B13A2202212846FFF767FF4FF01C
:10C4E000FF30EFE738480068C1682846884738B110
:10C4F000272202212846FFF759FF4FF0FF30E1E7DE
:10C50000A0780006E17840EA0140217940EA012064
:10C5100061790843C1172D4A03C2207AE17940EAC4
:10C5200001202B4908600846008882B2274801682C
:10C530002846FFF71FFC002802DA4FF0FF30C1E762
:10C5400022480CC8234800680021A2FB006703FBB7
:10C55000007002FB01001D49C1E900601C48006831
:10C560001C49096848431A490860164880680968E8
:10C57000884209D01349487B20220521FFF716FF86
:10C580004FF0FF309EE714E001200D49087010487D
:10C590000068B0F5005F02D20D48006801E04FF47A
:10C5A000005083B20C4A01210C480068FDF705F8E1
:10C5B00003E02846FFF71EFD84E7002082E7000025
:10C5C000E4000020F0870020980100209000002067
:10C5D0009800002084000020F06700209C000020CC
:10C5E000F8B504460D46164614B14FF0FF30F8BDBD
:10C5F000002000906A46012103F059FF10B14FF06E
:10C60000FF30F4E74FF4805030600098286000203D
:10C61000EDE700207047000010B504462CB105A0DE
:10C6200002F070FE4FF0FF3010BD02F06EFB0020F4
:10C63000FAE70000555342204445564943452049F6
:10C640004E4954204552524F52000000014609B94C
:10C65000002070474FF0FF30FBE701460020704795
:10C660002DE9F04104460D4616461F461CB14FF019
:10C67000FF30BDE8F0813B4632462946002003F0FA
:10C6800034FF08B90020F4E74FF0FF30F1E72DE95F
:10C69000F04104460D4616461F461CB14FF0FF30D0
:10C6A000BDE8F0813B4632462946002003F066FF94
:10C6B00008B90020F4E74FF0FF30F1E7704710B5FC
:10C6C00000F002F810BD00000CB5002001900090B1
:10C6D0003F48006840F480303D49086000BF3C4856
:10C6E000006800F4003000900198401C0190009810
:10C6F00018B90198B0F5A06FF1D13548006800F481
:10C70000003010B10120009001E00020009000985E
:10C7100001285CD12F48006840F010002D490860C6
:10C720000846006820F0030008600846006840F0F2
:10C73000020008602648406825494860084640686D
:10C7400048600846406840F4806048600846C06A17
:10C75000214908401E49C8620846C06A1F4908436B
:10C760001B49C8620846006840F08060086000BF4E
:10C770001748006800F000600028F9D014484068AD
:10C7800020F47C10124948600846406840F4E810E4
:10C7900048600846006840F08070086000BF0C48A0
:10C7A000006800F000700028F9D00948406820F0C7
:10C7B0000300074948600846406840F002004860AE
:10C7C00000BF0348406800F00C000828F9D10CBDF8
:10C7D000001002400020024000F0FEFF1807010098
:10C7E0003EB505460C4620788DF8000060788DF83F
:10C7F0000100A0788DF80200E0788DF80300207920
:10C800008DF8040060798DF80500A0798DF8060098
:10C810008DF80750FF208DF80800D2208DF8090010
:10C820006B460A2207216420FDF7A4FF3EBD704736
:10C8300010B51648006840F0010014490860084629
:10C84000406813490840114948600846006811498A
:10C8500008400E4908600846006820F480200860FF
:10C860000846406820F4FE0048600846006820F052
:10C87000A05008604FF47F0088600020C862FFF776
:10C880001EFF05480549086010BD00000010024069
:10C890000000FFF0FFFFF6FE0070000808ED00E06A
:10C8A00010B50121880700F04BF801282DD1174859
:10C8B000FFF73EF915484079052190FBF1F201FBA5
:10C8C000120058B91148807940B900201049087009
:10C8D0000E48407910B900200E4908700B4988793C
:10C8E00000EBD0714910A0EB410129B94FF4805100
:10C8F0000948FDF7BAFC04E04FF480510648FDF703
:10C90000B2FC0121880700F00CF810BD590000208E
:10C910005000002051000020000C0140CA43028258
:10C920007047CA430282704721B1028842F0010277
:10C93000028004E002884FF6FE731A4002807047BE
:10C9400030B50246002000230024158A05EA0103C1
:10C95000958905EA010413B10CB1012000E0002023
:10C9600030BD1AB183890B43838102E083898B43F5
:10C970008381704701894FF6F87211400181704739
:10C98000002202881D4B98420ED01D4B98420BD0BE
:10C99000B0F1804F08D01B4B984205D01A4B9842FB
:10C9A00002D01A4B984204D14FF68F731A404B882D
:10C9B0001A43174B984207D0164B984204D04FF6B3
:10C9C000FF431A40CB881A4302808B8883850B88EB
:10C9D00003850A4B98420BD0094B984208D00E4B66
:10C9E000984205D00D4B984202D00D4B984201D190
:10C9F0000B7A03860123838270470000002C0140DC
:10CA0000003401400004004000080040000C0040D9
:10CA1000001000400014004000400140004401406C
:10CA2000004801401FB501210846FEF7D3FE4FF034
:10CA30008040FFF79FFF0020ADF80A00ADF8060028
:10CA400042F20F70ADF8080041F61F40ADF8040047
:10CA500000208DF80C0001A94FF08040FFF790FFF7
:10CA600001218807FFF75AFF012211469007FFF7BF
:10CA700078FF1C208DF8000001208DF803000220B3
:10CA80008DF8010001208DF802006846FEF72EFBAC
:10CA900001218807FFF748FF1FBD000070B540F275
:10CAA0002551104800F099F9012810D10D4800F0E7
:10CAB0004FFAC5B20B4800F04BFAC4B2204603F05F
:10CAC00075FD40F22551074800F011F900BF08211B
:10CAD000044800F075F9012803D10821014800F04D
:10CAE000FDF870BD0038014010B50821614800F024
:10CAF00067F930B15F4800F02BFA08215D4800F07B
:10CB0000EDF802215B4800F05BF930B1594800F0C4
:10CB10001FFA0221574800F0E1F840F2244155483D
:10CB200000F05BF950B1534800F012FA40F2244192
:10CB3000504800F0DCF801204F49087040F22551C0
:10CB40004C4800F04AF9002879D040F22551494874
:10CB500000F0CDF8474800F0FBF9C4B24748D0F8E0
:10CB60000411D0F80401401C444AC2F804011046E4
:10CB7000445443480078062875D2DFE800F00309E2
:10CB8000121F3F64412C02D101203D4908706DE025
:10CB9000542C03D102203A49087001E005F090FBC3
:10CBA00064E02B2C07D1032035490870002035495B
:10CBB00081F8900001E005F083FB57E03A2C0BD19F
:10CBC00004202F49087000202E4981F8910091F827
:10CBD00090102C4A505410E02A4890F890000F28EA
:10CBE00009DA284991F89000411C264A82F89010F1
:10CBF00011460C5401E005F063FB37E00D2C0ED11B
:10CC000005201F4908700D221E4991F89100411C12
:10CC10001C4B83F8911003F110010A5412E01948DB
:10CC200090F891007E280BDA164991F89100411C8A
:10CC3000144A82F8911002F110010C5402E017E03E
:10CC400005F03EFB12E00A2C0AD10A210D4890F8AB
:10CC500091201030815401200749087002E002E061
:10CC600005F02EFB02E005F02BFB00BF00BF00BF6C
:10CC700010BD00000044004038000020CC0200201D
:10CC800037000020941F002070B50821104800F0E4
:10CC900097F8012803D10E480588001D058820213A
:10CCA0000B4800F08DF8012811D1094800F050F927
:10CCB000C4B2084808490978445407480078401C21
:10CCC000054908702021024800F008F800BF70BD37
:10CCD00000480040090F00202100002001F40072EC
:10CCE000B2F5007F00D100BFCA430280704710B583
:10CCF0000022002340F66A14A14200D100BF0A12AC
:10CD000001249440A3B2DC43048010BD21B1828988
:10CD100042F40052828104E082894DF6FF731A408A
:10CD20008281704710B504462048844209D1012110
:10CD30008803FEF77FFD00214FF48040FEF77AFD67
:10CD400032E01B48844209D101214804FEF752FD1C
:10CD500000214FF40030FEF74DFD25E015488442D8
:10CD600009D101218804FEF745FD00214FF4802000
:10CD7000FEF740FD18E01048844209D10121C804A3
:10CD8000FEF738FD00214FF40020FEF733FD0BE0E5
:10CD90000A48844208D101210805FEF72BFD002135
:10CDA0004FF48010FEF726FD10BD00000038014052
:10CDB0000044004000480040004C0040005000404B
:10CDC00002460020B1F5007F00D100BF13880B4060
:10CDD0000BB1012000E00020704770B5024600242E
:10CDE00000230025002040F66A16B14200D100BFA2
:10CDF000C1F3421501F01F03012606FA03F3012DCA
:10CE000002D19689334006E0022D02D1168A3340C2
:10CE100001E0968A33400C12012606FA04F41688C3
:10CE2000344013B10CB1012000E0002070BDF0B51A
:10CE30000346002400260025002040F66A17B94268
:10CE400000D100BF1846C1F3421401F01F060127AC
:10CE500007FA06F5012C01D10C3004E0022C01D1B7
:10CE6000103000E014301AB107682F43076002E069
:10CE70000768AF430760F0BD2DE9F04786B005466F
:10CE80000E460024A24600BFA1460027B08900B18B
:10CE900000BF2F462C8A4CF6FF700440F0880443F4
:10CEA0002C82AC894EF6F3100440B08831890843D7
:10CEB000718908430443AC81AC8A4FF6FF400440BB
:10CEC000B0890443AC8201A8FEF7C4FC1F48874226
:10CED00002D1DDF810A001E0DDF80CA0A88900F473
:10CEE000004040B10AEBCA0000EB0A10316849006B
:10CEF000B0FBF1F807E00AEBCA0000EB0A1031685A
:10CF00008900B0FBF1F86420B8FBF0F004012009BF
:10CF1000642101FB1089A88900F4004040B132204F
:10CF200000EBC900B0FBF1F000F00700044308E09B
:10CF3000322000EB09106421B0FBF1F000F00F008B
:10CF400004432C8106B0BDE8F087000000380140A2
:10CF500001468888C0F308007047C1F30802828048
:10CF6000704770B504460D46D4F8E405294642687A
:10CF700020469047002070BD70B504460D464FF422
:10CF80008970005D022802D0032812D100E000BFA2
:10CF9000688801280CD100214FF48C700151D4F81D
:10CFA000E4052946826820469047204600F05EF856
:10CFB00004E02946204600F021F800BF00BF70BD04
:10CFC0002DE9F04106460C46154600272B46224621
:10CFD00000213046FCF7F1FA3846BDE8F0812DE932
:10CFE000F04106460C46154600272B4622460021F6
:10CFF0003046FCF73DFB3846BDE8F08170B504468D
:10D000000D4680212046FCF70FFB00212046FCF74F
:10D010000BFB204601F06FFA70BD70B50446002589
:10D02000052140F21110015500231A4619462046E9
:10D03000FCF7C3FA204601F05EFA284670BD2DE9E0
:10D04000F04104460E4615460027C4F83C51C4F88A
:10D050003851022140F2111001552B463246002171
:10D060002046FCF705FB3846BDE8F08170B5044664
:10D070000025042140F21110015500231A461946DB
:10D080002046FCF7F5FA204601F035FA284670BD37
:10D0900070B505460E46002E51D105F58E7440F24E
:10D0A0001110405D02283DD1A168E069884211D984
:10D0B000A168E069401AE061E878012803D1D4E969
:10D0C00002100844E060A08B82B22846E168FFF7B6
:10D0D00086FF27E0A168206AB0FBF1F201FB120095
:10D0E00078B9A168206A88420BD3D4E90801884244
:10D0F00007D2002211462846FFF771FF0020606228
:10D1000010E0D5F8E405C06848B14FF48970405D7F
:10D11000032804D1D5F8E405C16828468847284685
:10D12000FFF77BFF4FF48B70405D012816D1284636
:10D1300000F04CFB00214FF48B7041550EE0D5F808
:10D14000E405406950B14FF48970405D032805D172
:10D15000D5F8E4053146426928469047002070BD65
:10D1600070B505460E46A6BB05F55D7440F211107C
:10D17000405D03283DD1A168E069884217D9A168C4
:10D18000E069401AE061E878012803D1D4E902108F
:10D190000844E060A368E069984201D2E06900E0D9
:10D1A000A06882B22846E168FFF70AFF21E0D5F8BF
:10D1B000E405006948B14FF48970405D032804D14B
:10D1C000D5F8E4050169284688472846FFF74EFF51
:10D1D0000FE0FFE7D5F8E405806950B14FF489709E
:10D1E000405D032805D1D5F8E4053146826928461B
:10D1F0009047002070BD01460020704770B504467E
:10D200000D46E888012804D029462046FFF7F6FE9F
:10D210001AE04FF48970005D022802D003280DD176
:10D2200005E0012209492046FFF709FF0BE0012232
:10D2300004F588712046FFF702FF04E029462046E6
:10D24000FFF7DCFE00BF00BF70BD0000D80000206B
:10D25000F8B504460E467088001208286CD2DFE844
:10D2600000F06B0416226B6B6166A078D4F8EC15A5
:10D270000A68694690470546F088402804D04FF474
:10D280008970005D012801D10820009059E0A07844
:10D29000D4F8E4158A6A6946904705460221697008
:10D2A000C4F8F0554DE0B078062834D2DFE800F03D
:10D2B000030B131B232BA078D4F8EC154A6869469E
:10D2C000904705462CE0A078D4F8EC158A686946AA
:10D2D0009047054624E0A078D4F8EC15CA68694662
:10D2E000904705461CE0A078D4F8EC150A69694619
:10D2F0009047054614E0A078D4F8EC154A696946D1
:10D30000904705460CE0A078D4F8EC158A69694688
:10D310009047054604E031462046FFF76FFEF8BD12
:10D3200000BF0EE031462046FFF768FEF7E73146C2
:10D330002046FFF763FEF2E731462046FFF75EFE28
:10D34000EDE700BFBDF8000088B1F08878B1F08843
:10D35000BDF80010884202DDBDF8000000E0F08852
:10D360000090BDF8002029462046FFF768FE00BF68
:10D37000D5E70146002002E0421CD0B2491C0A78E1
:10D38000002AF9D17047024601EB810302F55D7076
:10D3900000EBC300008B80B27047000070B50446FC
:10D3A0000D464FF48970005D022802D0032813D186
:10D3B00000E000BF01200C4908604FF48C70005958
:10D3C00020B10846006840F00200086002220649C9
:10D3D0002046FFF734FE04E029462046FFF70EFE04
:10D3E00000BF00BF70BD0000DC0000202DE9F0414F
:10D3F00004460D4617460026FCB12046FFF7B9FF4C
:10D40000022101EB400038803A783046711CCEB2E0
:10D410002A5403223046711CCEB22A540AE014F872
:10D42000012B3046711CCEB22A5400223046711CAA
:10D43000CEB22A5420780028F1D1BDE8F0812DE940
:10D44000F04104460F4615461E46DDF8188020467A
:10D4500000F068FD2046FFF7CEFEC4F8E465C4F88E
:10D46000E885C4F8EC5539462046FCF7F5FBD4F8BE
:10D47000E81508688047204600F042FDBDE8F081CD
:10D4800010B50446D4F8E405016A20468847002018
:10D4900010BD10B50446D4F8E405416A204688471B
:10D4A000002010BD70B504460D4629462046FDF704
:10D4B000DDFB002070BD70B504460D4629462046B0
:10D4C000FDF7FCFB002070BD70B504460D468121C0
:10D4D0002046FBF7E3FF01212046FBF7DFFF204654
:10D4E000FDF70EFC002070BD024620200880014898
:10D4F000704700001401002070B504460D4629460F
:10D500002046FFF7E1FF0223402281212046FCF75D
:10D5100020F80223402201212046FCF71AF8204679
:10D52000FDF7F4FB002070BD70B505460C46207871
:10D5300000F06000002849D020287BD16078FE28C8
:10D5400002D0FF283AD125E06088E0B9E0880128C0
:10D5500019D1207800F08000802814D1374909685B
:10D56000886980473649087008460078002804DD3D
:10D5700001222846FFF763FD0BE021462846FFF70E
:10D580003DFD022070BD21462846FFF737FD0220F1
:10D59000F8E719E0608850B9E08840B9207800F0D9
:10D5A0008000802803D02846FDF7D4FB05E0214603
:10D5B0002846FFF723FD0220E4E705E02146284640
:10D5C000FFF71CFD0220DDE700BF34E06078012892
:10D5D0000ED00A2802D00B2829D105E001221949D2
:10D5E0002846FFF72CFD22E0A078164908701EE0BF
:10D5F00021792846FBF79BFF21792846FBF74EFF50
:10D60000207900F08000802806D121790223402271
:10D610002846FBF79EFF05E0217902234022284699
:10D62000FBF797FF21792846FDF702FB00BF00BFFB
:10D6300001E0FFE700BF00BF0020A3E79801002042
:10D6400034010020350100207CB505464AF6AA20A9
:10D65000374908600024284601F042FA002865D0C6
:10D66000284601F048FA0190019808B900207CBDD5
:10D670000198C0F3C04018B12846FCF7F5F8044300
:10D680000198C0F3804018B12846FCF74BF80443DA
:10D690000198C0F3400050B100200090009820F0A5
:10D6A0000200801C00900098E968486100BF019862
:10D6B000C00F18B12846FCF757F904430198C0F38E
:10D6C000C02018B12846FCF7F1F904430198C0F3D3
:10D6D000C00018B12846FCF7D3F904430198C0F301
:10D6E000001018B12846FCF773F904430198C0F301
:10D6F000003018B12846FCF72DFA04430198C0F316
:10D70000403018B12846FBF7DAFF04430198C0F314
:10D71000005018B12846FCF7EDFA04430198C0F315
:10D72000405018B12846FCF7FBFA044320469EE718
:10D730000030004090F8CC250A7090F8CD254A7052
:10D7400090F8CE3590F8CF2503EB02224A8090F86E
:10D75000D03590F8D12503EB02228A8090F8D2359B
:10D7600090F8D32503EB0222CA80CB884FF4A07235
:10D770001350012340F211121354704710B50446A0
:10D780000023402219462046FBF7E3FE00234022F7
:10D7900080212046FBF7DDFE01214FF48970015501
:10D7A000A078D4F8E82551688847002010BD10B54E
:10D7B0000446D4F8E8150869804740F21310015D6B
:10D7C000401E015503210155002010BD01460348AC
:10D7D000026808694260002070470000A000002035
:10D7E00010B50446D4F8E405C06920B1D4F8E405C6
:10D7F000C16920468847002010BD70B504460D461B
:10D80000A88818BBE88808BBA87800F07F064FF40A
:10D810008970005D032804D129462046FFF7EEFBFE
:10D8200018E04FF48A70065531462046FBF7EEFEAD
:10D830002046FFF71BFC26B102214FF489700155E9
:10D8400008E001214FF48970015503E02946204684
:10D85000FFF7D4FB70BD70B504460D46D4F8E4055F
:10D860002946026820469047D4F8E8158868804722
:10D87000002070BD70B504460D46A8783049087088
:10D8800008460078012804DD29462046FFF7B6FB4C
:10D8900055E04FF48970005D022802D0032848D17A
:10D8A00017E02748007880B12548007884F81001F7
:10D8B00003214FF489700155214801782046FFF774
:10D8C000CAFF2046FFF7D2FB02E02046FFF7CEFB5F
:10D8D00034E01B48007880B902214FF4897001556B
:10D8E0001748007884F81001154801782046FFF7A2
:10D8F00038FB2046FFF7BAFB1AE094F810011049F4
:10D900000978884211D094F810112046FFF729FBBE
:10D910000B48007884F81001094801782046FFF789
:10D920009AFF2046FFF7A2FB02E02046FFF79EFB8E
:10D9300004E029462046FFF761FB00BF00BF70BD31
:10D94000E0000020F8B504460D460026688801284E
:10D950000DD101214FF48C700151D4F8E405294612
:10D960008268204690472046FFF780FB39E06888B0
:10D97000022836D12879A0BB206940680090A88889
:10D980000612062E22D2DFE806F02103090F151B2E
:10D99000009820F070001030009017E0009820F000
:10D9A00070002030009011E0009820F070003030BE
:10D9B00000900BE0009820F070004030009005E0EF
:10D9C000009820F070005030009000BF00BF054864
:10D9D0000099016001214FF48B7001552046FFF73B
:10D9E00045FBF8BDA00000201CB504466946204652
:10D9F000FFF7A0FE9DF8000000F01F0020B10128F5
:10DA000007D002280FD109E06946204600F016F839
:10DA100011E06946204600F0F9F80CE0694620461E
:10DA200000F046F807E09DF8000000F08001204675
:10DA3000FBF7FAFD00BF00BF00201CBD70B5054616
:10DA40000C46002660780A2829D2DFE800F0192366
:10DA5000281E280A0528140F21462846FFF7F8FB40
:10DA600022E021462846FFF7C8FE1DE02146284651
:10DA7000FFF700FF18E021462846FFF7BFFB13E041
:10DA800021462846FFF78AFC0EE021462846FFF78C
:10DA900059FF09E021462846FFF76EFA04E02146C7
:10DAA0002846FFF7ABFA00BF00BF304670BD00004C
:10DAB0002DE9F04105460E4600273479707800289C
:10DAC00057D001282BD0032875D14FF48970405DC1
:10DAD000022802D003281BD107E02CB1802C03D0F0
:10DAE00021462846FBF7A0FD17E0708830B92CB11D
:10DAF000802C03D021462846FBF796FDD5F8E40597
:10DB000031468268284690472846FFF7AFFA04E07E
:10DB100031462846FFF772FA00BF00BF70E04FF4AD
:10DB20008970405D022802D003281BD107E02CB188
:10DB3000802C03D021462846FBF776FD17E070883D
:10DB400078B95CB1802C09D021462846FBF7CBFC84
:10DB5000D5F8E40531468268284690472846FFF705
:10DB600085FA04E031462846FFF748FA00BF00BFB7
:10DB700046E04FF48970405D022802D0032837D177
:10DB800007E02CB1802C03D021462846FBF74CFD42
:10DB900033E004F08000802812D104F07F0000EB15
:10DBA000800105F58E7000EBC100807820B1012066
:10DBB0001549086016E022E000201349086011E0D2
:10DBC00004F0800070B904EB840105F55D7000EB92
:10DBD000C100807818B101200B49086002E00020E4
:10DBE00009490860022208492846FFF728FA04E09C
:10DBF00031462846FFF702FA00BF00BF00E000BF31
:10DC000000BF3846BDE8F081D400002070B504465E
:10DC10000D4600264FF48970005D032814D1287941
:10DC200001280CDCD4F8E405294682682046904798
:10DC3000E88840B93EB92046FFF718FA03E02946C4
:10DC40002046FFF7DBF904E029462046FFF7D6F926
:10DC500000BF00BF304670BD10B504464FF4897058
:10DC6000015D401C01550421401E0155D4F8E81502
:10DC7000C8688047002010BD70B505460C462DB918
:10DC80002246064906A0FFF7B1FB04E022460349FD
:10DC900003A0FFF7ABFB014870BD0000B067002098
:10DCA0004D534320436F6E666967000010B502A0B4
:10DCB00001F028FB10BD00004D534320496E7465F0
:10DCC000726661636520737461727465642E0D0AF7
:10DCD0000000000010B501200249087002A001F008
:10DCE00011FB10BD9C01002055534220446576690C
:10DCF000636520436F6E6E65637465642E0D0A0064
:10DD0000024612200880014870470000540100209C
:10DD100010B500200249087002A001F0F3FA10BD0E
:10DD20009C01002055534220446576696365204478
:10DD30006973636F6E6E65637465642E0D0A00000F
:10DD400010B5044614B1012C08D103E006A001F07F
:10DD5000D9FA07E00DA001F0D5FA03E014A001F014
:10DD6000D1FA00BF00BF10BD55534220446576690B
:10DD70006365204C6962726172792076312E312E92
:10DD80003020205B48535D0D0A00000055534220AF
:10DD9000446576696365204C6962726172792076A8
:10DDA000312E312E3020205B46535D0D0A000000DD
:10DDB00055534220446576696365204C69627261FF
:10DDC00072792076312E312E3020205B3F3F5D0D61
:10DDD0000A00000010B502A001F094FA10BD000086
:10DDE00044657669636520526573756D65640D0AD7
:10DDF000000000007047704770B505460C462DB90D
:10DE00002246064906A0FFF7F1FA04E0224603493C
:10DE100003A0FFF7EBFA014870BD0000B0670020D7
:10DE20004D534320496E746572666163650000005E
:10DE3000024604200880014870470000700100205D
:10DE400070B505460C462246024903A0FFF7CEFAFC
:10DE5000004870BDB06700205052454348494E000D
:10DE600070B505460C462DB92246064906A0FFF7B7
:10DE7000BDFA04E02246034909A0FFF7B7FA0148BA
:10DE800070BD0000B06700204D6173732053746F44
:10DE90007261676520696E204853204D6F6465008C
:10DEA0005052454348494E205553422043617264C5
:10DEB000205265616465720070B505460C462DB947
:10DEC0002246064906A0FFF791FA04E022460349DC
:10DED00007A0FFF78BFA014870BD0000B067002073
:10DEE00030303030303030303030314100000000E0
:10DEF00030303030303030303030314200000000CF
:10DF000038B5044643208DF8000000208DF801004C
:10DF100003208DF8020001208DF803006846FDF70C
:10DF2000E5F838BD38B5044601210420FDF772FC40
:10DF300001210803FDF73EFC4FF4C050ADF800008E
:10DF400003208DF8020018208DF80300694602486E
:10DF5000FCF7ACF838BD00000008014010B50446DD
:10DF60002046FBF75DFF10BD10B504462046FBF7C9
:10DF70006FFF10BD3EB504460025002002900190C1
:10DF80000090207A01283DD1E068806B01900198D3
:10DF900020F480300190607A28B1019820F480103C
:10DFA00000F5801001900198E168886300200290DC
:10DFB000E068C0680290029820F040000290029849
:10DFC00020F480000290029820F400300290029821
:10DFD00020F4002002900298E168C860204600F01A
:10DFE00061F9E078012843D1009820F01E000A3042
:10DFF0000090009820F02000203000900098E16808
:10E00000886035E0E068C0680290029820F0400027
:10E01000403002900298E168C860204600F042F962
:10E0200000200190019820F4803000F580300190AC
:10E03000019820F4802000F580200190019820F4C0
:10E04000002000F500200190019820F4001000F558
:10E0500000100190607A28B1019820F4801000F53A
:10E06000801001900198E16888631420FFF776FF23
:10E07000E07801280FD1E06880680090009820F0D7
:10E080001E000A300090009820F020002030009000
:10E090000098E168886028463EBD70B588B00446A7
:10E0A0000026002007900690059004900390002120
:10E0B000D4F80C010160206900680690069820F4ED
:10E0C000C0500690069920690160E07A01283DD190
:10E0D0000321204600F0F8FC8020E16848620598A2
:10E0E00080B200F58000059005986FF30F00803036
:10E0F00005900598E1688862059800EB1041049846
:10E1000061F30F000490049880B200F500000490C1
:10E110000498E168C1F80401049800EB104161F330
:10E120000F000490049880B204900499E068C0F84D
:10E130000811049800EB104161F30F00049004985B
:10E1400080B204900499E068C0F80C1110212046B8
:10E1500000F070FC204600F047FC002120690161BE
:10E1600020694161491E2069816100212069C161E6
:10E1700000252CE004F1180050F8250000680790F5
:10E180000798C00F70B100200790079820F08040DA
:10E1900000F180400790079820F0006000F10060D7
:10E1A000079001E00020079004F1180050F82500C6
:10E1B00007990160002104F1180050F82500016161
:10E1C000FF2104F1180050F8250081606D1C607873
:10E1D000A842CFD800252CE004F1540050F82500C7
:10E1E000006801900198C00F70B100200190019863
:10E1F00020F0804000F180400190019820F0006004
:10E2000000F10060019001E00020019004F1540051
:10E2100050F8250001990160002104F1540050F8E4
:10E2200025000161FF2104F1540050F825008160B0
:10E230006D1C6078A842CFD800200390039820F48A
:10E24000807000F58070039020690069039988430D
:10E25000084321690861E07801281DD1002002905F
:10E26000029820F00100401C0290029820F0020069
:10E27000801C02904021029861F38A00029002986B
:10E2800020F4803000F580300290029861F359400C
:10E290000290029920690163204600F047FB304656
:10E2A00008B070BDF8B50446002600250020009097
:10E2B00000BF0320FFF758FEE06800690090681C6B
:10E2C00005461349884201D90020F8BD0098C00FC7
:10E2D0000028EED00025009820F00100401C00909E
:10E2E0000098E168086100BFE06800690090681C60
:10E2F00005460749884200D904E0009800F0010073
:10E300000028F1D100BF0320FFF72EFE3046DCE7E6
:10E31000400D030008B50146002000220092009A3B
:10E3200022F00102521C0092CA689268009B9A4334
:10E33000CB689A6008BD0EB501460020002200920D
:10E340000A69926802928A6912680192029AC2F37B
:10E35000410232B1012A05D0022A09D0032A0DD187
:10E3600001E000BF00BF019A6FF30A02019205E0CD
:10E37000019A6FF30A02D21C019200BF00BF019BF9
:10E380008A691360009A22F4807202F5807200920A
:10E390000A695268009B9A431A430B695A600EBD82
:10E3A000FEB50246002000240025029500954D7818
:10E3B000012D52D193691D6802951D6900954D6923
:10E3C00055B9009D25F07F050095009D25F4C015E9
:10E3D00005F50025009516E08E684D69B54207D910
:10E3E0008D684D610E7A009D66F30605009504E088
:10E3F0000E7D009D66F306050095009D25F4C01571
:10E4000005F500250095009D1D61D578012D06D1EB
:10E410000F7802F1180555F827500E696E61029DBC
:10E4200025F0806505F180650295029D25F0004587
:10E4300005F100450295029D1D60D578002D59D14A
:10E440004D69002D56D00E780125B5402C43156935
:10E450006D6B2543166975634CE00E7802F1540527
:10E4600055F826502D6802950E7802F1540555F89E
:10E4700026502D6900954D695DB90E7A009D66F3B1
:10E4800006050095009D25F4C01505F500250095AD
:10E490000CE08D684D610E7A009D66F306050095CF
:10E4A000009D25F4C01505F5002500950F7802F1B3
:10E4B000540555F82750009E2E61D578012D06D1C0
:10E4C0000F7802F1540555F827500E696E61029DD0
:10E4D00025F0806505F180650295029D25F00045D7
:10E4E00005F1004502950F7802F1540555F82750C3
:10E4F000029E2E60FEBD0EB500210191019921F012
:10E500004041A1F180410191019921F4C01101F52F
:10E5100000210191019921F07F0118310191019AA7
:10E52000416D0A61C178012915D10021009100F2E5
:10E53000CC51426D5161416D09680091009921F003
:10E54000004101F1004100914FF080210091009ABB
:10E55000416D0A6000BF0EBD3CB50246002000249C
:10E56000019400944C78012C0CD10D7802F1180420
:10E5700054F825300D780124AC40009D64F30F055C
:10E5800000950BE00D7802F1540454F825300D7815
:10E590000124AC40009D64F31F4500951C68019464
:10E5A000019CC4F3C034E4B90D89019C65F30A04ED
:10E5B0000194CD78019C65F3934401948D79019C7D
:10E5C00065F399540194019C24F0805404F1805423
:10E5D0000194019C24F4004404F500440194019C3E
:10E5E0001C601469E469009D2C431569EC613CBD15
:10E5F00038B503460020002400944C78012C05D146
:10E600000D7803F1180454F8252004E00D7803F187
:10E61000540454F8252014680094009C24F4001439
:10E620000094CC78032C02D0CC78022C05D1009C2D
:10E6300024F0805404F180540094009C146038BD90
:10E640003CB5024600200024019400944C78012C33
:10E650000CD10D7802F1180454F825300D780124FE
:10E66000AC40009D64F30F0500950BE00D7802F1BE
:10E67000540454F825300D780124AC40009D64F317
:10E680001F450095019C24F400440194019C1C60EA
:10E690001469E469009DAC431569EC613CBD38B573
:10E6A00003460A460020002400945478012C18D117
:10E6B000157803F1180454F825100C680094009C98
:10E6C000E40F2CB1009C24F0804404F180440094B9
:10E6D000009C24F4001404F500140094009C0C60C9
:10E6E0000EE0157803F1540454F825100C680094DA
:10E6F000009C24F4001404F500140094009C0C60A9
:10E7000038BDFEB505460C460026002700200290C5
:10E710000190607801287ED1217805F1180050F829
:10E72000210000680290217805F1180050F82100BE
:10E7300000690190606948B901986FF31200019077
:10E740000121019861F3DC40019017E061690198B3
:10E7500061F3120001906069401EA1680844B0FB9B
:10E76000F1F1019861F3DC400190E078012805D1D6
:10E77000019820F0C04000F100500190227805F18E
:10E78000180050F8220001990161E878012807D1AA
:10E79000227805F1180050F82200216941610DE04E
:10E7A000E07801280AD0606940B12178012000FAA0
:10E7B00001F72869406B384329694863E0780128EC
:10E7C00013D12869806800900098C0F3002030B908
:10E7D000029820F0005000F10050029005E00298ED
:10E7E00020F0805000F180500290029820F080606C
:10E7F00000F180600290029820F0004000F100409B
:10E800000290227805F1180050F822000299016068
:10E81000E078012800E008E06CD1A08A83B2227879
:10E820002846E16800F02DFA64E0217805F15400F3
:10E8300050F8210000680290217805F1540050F84A
:10E84000210000690190606950B9A168019861F3E5
:10E85000120001900121019861F3DC40019013E066
:10E86000A068401E61690844A168B0FBF1F10198FD
:10E8700061F3DC4001900198C0F3C940A1684843AE
:10E88000019960F312010191227805F1540050F8CA
:10E89000220001990161E878012806D1227805F16A
:10E8A000540050F8220021694161E07801280ED11E
:10E8B000607930B1029820F0005000F100500290D1
:10E8C00005E0029820F0805000F1805002900298FC
:10E8D00020F0806000F180600290029820F00040FB
:10E8E00000F100400290227805F1540050F8220017
:10E8F000029901603046FEBD08B500210091491E15
:10E90000C26851606FF08041C2685161009921F086
:10E91000004101F100410091009921F4006101F5ED
:10E92000006100910099C268916108BD38B5044644
:10E93000002500200090E16888616FF08040E16868
:10E9400048612046FFF7D8FFE07820B9009820F012
:10E95000100010300090009820F4006000F5006076
:10E960000090009820F4805000F5805000900098AE
:10E9700020F4005000F500500090009820F4802012
:10E9800000F580200090009820F4002000F5002081
:10E990000090009820F0080008300090009820F4C3
:10E9A000801000F580100090009820F4001000F511
:10E9B00000100090E0688069009988430843E1688E
:10E9C0008861284638BD08B5014600200022009223
:10E9D000009A22F00102521C0092CA689268009BC1
:10E9E0001A43CB689A6008BDF8B504460025002696
:10E9F00000200090009820F0100010300090009847
:10EA0000E168086100BFE06800690090701C06467C
:10EA10000749884200D904E00098C0F3001000289C
:10EA2000F1D100BF0320FFF79FFA2846F8BD000090
:10EA3000400D0300F8B504460D46002600270020CF
:10EA40000090009820F0200020300090009865F39E
:10EA50008A1000900098E168086100BFE0680069D2
:10EA60000090781C07460749884200D904E00098C6
:10EA7000C0F340100028F1D100BF0320FFF774FA63
:10EA80003046F8BD400D030008B5014600200A6974
:10EA900092680092009AC2F3410232B1012A06D074
:10EAA000022A07D0032A07D102E0032004E000BFB6
:10EAB000022001E0012000BF00BF08BD0146C86878
:10EAC000406900F00100704708B5026912680092C1
:10EAD000009A61F301020092009B0269136008BD75
:10EAE00000B502461046FFF7E9FF012801D00120DA
:10EAF00000BD0020FCE701460020CA685069CA68D2
:10EB00009269104070470146086982690869C069C6
:10EB1000024090B270470146086982690869C0697D
:10EB20000240100C7047024602F1540353F82130A2
:10EB3000986813695B6918407047F0B50346002474
:10EB4000D01CC71700EB9777BD10D3F8D06000BF7B
:10EB500003E030680860641C091DAC42F9D3084624
:10EB6000F0BD000070B502460C46002300200025D1
:10EB7000D5700125957040259580012C0CD14FF062
:10EB8000A0430125D57208251570042555709D15E3
:10EB9000D580022515720AE04CB9254B0025D572A7
:10EBA0000C251570062555704FF4A065D580D360EF
:10EBB00003F500651561002110E003F5106505EB14
:10EBC000411602F1180545F8216003F5306505EBA3
:10EBD000411602F1540545F82160491C55788D42D3
:10EBE000EBD803F5806555614035C2F8CC50002163
:10EBF00008E003F5A06505EB411602F1900545F824
:10EC00002160491C15788D42F3D8002108E003F5F6
:10EC1000805505EB013602F1D00545F82160491C0D
:10EC200015788D42F3D803F56065C2F80C5170BDBC
:10EC300000000440F8B504460D460026E068C068B0
:10EC40000090009820F000500090009820F0804044
:10EC50000090012D06D1009820F0005000F10050E6
:10EC6000009006E02DB9009820F0804000F180402F
:10EC700000900098E168C8603220FFF76FF93046D5
:10EC8000F8BD2DE9F04104460026E078B0B9002730
:10EC90000020DD1C4FEAE57805EB98784FEAA807DD
:10ECA00004F1D00555F822C000BF04E00D68CCF88F
:10ECB0000050401C091DB842F8D300BF3046BDE8E3
:10ECC000F08100000BE000BF0749098801F0400116
:10ECD0000029F9D00178044A121D1180401C0178E6
:10ECE0000029F0D1704700000038014000BFFEE766
:10ECF00010B500F0FDF8FCF799F9C720FCF7A0F972
:10ED0000FCF799F900F07EF810BD10B5FCF74AF950
:10ED100010BD2DE9F04104460E46174600F0E8F814
:10ED2000FCF784F90220FCF78BF9C4F30740FCF7E9
:10ED300087F9C4F30720FCF783F9E0B2FCF780F908
:10ED4000002504E0705DFCF77BF9681C85B2BD42CC
:10ED5000F8DBFCF770F900F055F8BDE8F0812DE91B
:10ED6000F04104460E461746FCF760F90320FCF715
:10ED700067F9C4F30740FCF763F9C4F30720FCF715
:10ED80005FF9E0B2FCF75CF9002504E0FF20FCF736
:10ED900057F970556D1CBD42F8D3FCF74CF9BDE82E
:10EDA000F08170B50446FCF741F99F20FCF748F963
:10EDB000FF20FCF745F92070FF20FCF741F90546DC
:10EDC000FF20FCF73DF90646FCF735F946EA052039
:10EDD00070BD10B5044600F08BF8FCF727F9202031
:10EDE000FCF72EF9C4F30740FCF72AF9C4F3072017
:10EDF000FCF726F9E0B2FCF723F9FCF71CF900F068
:10EE000001F810BD10B5FCF711F90520FCF718F951
:10EE1000074C02E0641E04B906E0FF20FCF710F97D
:10EE200000F001000028F5D100BFFCF704F910BD87
:10EE3000A08601002DE9F05F82460F461646DFF8F6
:10EE4000AC904FEA1738C7F30B0BCBF58054A642B2
:10EE500000DC344645E04FEA08304FF48052494622
:10EE6000FFF77DFF002508E00BEB050019F8000017
:10EE7000FF2800D003E0681C85B2A542F4DB00BF88
:10EE8000A54217DA4FEA0830FFF7A3FF002507E095
:10EE90001AF8050005EB0B0109F80100681C85B2A2
:10EEA000A542F5DB4FEA08314FF48052484600F0A6
:10EEB00028F804E022463946504600F022F8A642DF
:10EEC00000D10FE008F101084FF0000BA2442744E5
:10EED000301B86B2B6F5805F02DD4FF4805400E04F
:10EEE0003446B8E700BFBDE8F09F0000940F002053
:10EEF00010B5FCF79BF80620FCF7A2F8FCF79BF88E
:10EF000010BD2DE9F04107460E461446F0B2C0F59B
:10EF10008075AC4200DC254612E02A463946304670
:10EF2000FFF7F7FEAC4200D10BE02F442E44601BEC
:10EF300084B2B4F5807F02DD4FF4807500E0254691
:10EF4000EBE700BFBDE8F0817FB504460D460F48F2
:10EF50000F490A6802608A888280897981714FF43A
:10EF600080600C4B2A46214600900848FBF7DAF9EE
:10EF70000848F8F7E1F90646324607A101A800F073
:10EF8000EBF9044901A8F9F7DDFD7FBDD40E00209F
:10EF900059000020D40400202564000070B500242E
:10EFA000002094490870452093490870082193482F
:10EFB000FCF78CFD05E01420FAF732FF04F1140091
:10EFC00084B28D480078401E8A490978884202DD63
:10EFD000B4F5FA7FEFDB88480078801E81B288485C
:10EFE000FBF718FF874908808548007814287CD1F2
:10EFF000834840780428FAD1814890F8430080493A
:10F0000091F8441040EA01207E4909888842EED1F7
:10F01000794801787C48F8F768F90A20FAF718FF70
:10F020004E207A4908707448027875497648F8F796
:10F0300043F90A20FAF70CFF7349C9780906724AA6
:10F04000127941EA0241704A527941EA02216E4A3C
:10F05000927941EA0200F8F71CFB05466C49F8F783
:10F0600033FA6C4988606849C9790906664A127A98
:10F0700041EA0241644A527A41EA0221624A927AA2
:10F0800041EA0200F8F705FB05466149F8F71CFA6A
:10F090006049C1F80D005C49C97A09065A4A127BD9
:10F0A00041EA0241584A527B41EA0221564A927B88
:10F0B00041EA0200F8F7EDFA06465549F8F704FA76
:10F0C00005465349F8F700FA5249C1F821004E4964
:10F0D000C97B09064C4A127C41EA02414A4A527CE9
:10F0E00041EA0221484A927C00E060E041EA0200E5
:10F0F000F8F7CFFA05464649F8F7E6F94549C1F869
:10F1000017004149C97E09063F4A127F41EA024180
:10F110003D4A527F41EA02213B4A927F41EA020086
:10F12000F8F7B7FA05463A49F8F7CEF93949C86110
:10F13000354991F827100906334A92F8282041EA08
:10F140000241314A92F8292041EA02212E4A92F8DE
:10F150002A2041EA0200F8F79CFA05462C49F8F704
:10F16000B3F92C49C1F81200274991F82B10090670
:10F17000254A92F82C2041EA0241234A92F82D2098
:10F1800041EA0221204A92F82E2041EA0200F8F7D3
:10F1900080FA05461E49F8F797F91E49C1F82B0079
:10F1A00015480178491C1648F8F79FF802E04220FC
:10F1B00016490870154801781648017313480178FC
:10F1C00014484174114801781248C1760F480178FB
:10F1D000104880F825100D4801780E4881750B48BD
:10F1E00001780C4880F8201008480178094880F818
:10F1F0002F1070BD210000202200002024000020DC
:10F20000090F0020340000204F0F0020360000209E
:10F2100000007A44D40E002010B509A000F072F866
:10F22000002406E00948015D09A000F06BF8601CAD
:10F23000C4B2452CF6DB08A000F064F810BD000055
:10F24000576561746865723A000000004F0F002036
:10F2500030782530325820000D0A000010B5FBF739
:10F2600019FA08B9002010BD6420FBF7E5F9FBF797
:10F2700057FA18B9FBF736FA0020F4E70F20FBF72E
:10F28000DBF9FBF74DFA0020FBF7D6F9FBF748FA5C
:10F290000020FBF7D1F9FBF743FAFBF723FA012033
:10F2A000E1E710B5FBF7F6F908B9002010BD6420BE
:10F2B000FBF7C2F9FBF734FA18B9FBF713FA002091
:10F2C000F4E71020FBF7B8F9FBF72AFA8020FBF7E8
:10F2D000B3F9FBF725FAFBF705FAFBF7DBF9642036
:10F2E000FBF7AAF9FBF71CFA0F20FBF7A5F9FBF7D0
:10F2F00017FA8420FBF7A0F9FBF712FAFBF7F2F9F3
:10F300000120D3E70FB4054B10B503A9044A0298B6
:10F3100000F020F910BC5DF814FB00004D18010846
:10F32000BC0100200FB47CB50C0009AD01D0611EFA
:10F3300000E00021CDE90001064B6A462946089805
:10F3400000F008F9002C02D0009A002111707CBC5A
:10F350005DF814FB5BFC00080FB4084B10B504A962
:10F3600002AA039800F0F6F8044602A9002000F073
:10F370007FFC204610BC5DF814FB000071FC000807
:10F3800000487047C0010020014800687047000035
:10F39000C001002002E008C8121F08C1002AFAD1EB
:10F3A00070477047002001E001C1121F002AFBD105
:10F3B000704700000149086070470000C00100204C
:10F3C0002DE9FF5F82B00021DDE90430020DDDF898
:10F3D00040B0034318D044F61050A2F2FF3242432B
:10F3E0001514119801281FD0A5EB0B00401C5FEAF3
:10F3F000000A4FF000064E4FDFF83891B0465046F5
:10F4000015D5CAF1000413E0119801244AA301287C
:10F4100001D16FEA0B010298119AC0E90031C0E9ED
:10F42000024206B0BDE8F09FCBF10000DFE70446E2
:10F430000021404A491842EB0450CDE9001012E087
:10F44000E00707D032463B4640464946F8F738FBCE
:10F450008046894632463B4610461946F8F730FB4F
:10F4600006460F466410002CEAD1DDE90401DDE90F
:10F470000023BAF1000F06DAF8F722FB42464B46AA
:10F48000F8F71EFB05E0F8F78DFB42464B46F8F710
:10F4900089FB04460E460022284BF8F71BF903D8D7
:10F4A0004FF0FF30014607E00022254B2046314651
:10F4B000F8F748F8F8F7E5FB102409E0002C0ADB20
:10F4C0000A220023F7F772FE039B30321A55641E9E
:10F4D00050EA0102F2D1641C039AC4F111031444EE
:10F4E000119A012A03D0012208430DD10AE00843F2
:10F4F00004D000204FF0110B119072E7A3EB0B0525
:10F500006D1E0DE05B4504DD4FF0000205F10105C5
:10F5100004E003DA4FF00002A5F10105002AECD067
:10F5200002981199C0E90231C0E9004579E700006D
:10F53000000014400000F03F300000000000F043E5
:10F540000000E03F30380A2801D201207047002037
:10F55000704700002DE9FF4F95B09A468846064651
:10F560000025EEE1252877D100242746F94A01211C
:10F57000039400E0044316F8013F203B01FA03F036
:10F580001042F7D130782A2811D06FF02F0330784D
:10F59000A0F13002092A16D8039A44F0020402EBC3
:10F5A000820203EB42021044761C0390EFE758F806
:10F5B000042B0392002A03DA504244F400540390CF
:10F5C00044F00204761C30782E2816D116F8010F6C
:10F5D00044F004042A280DD06FF02F023078A0F1F7
:10F5E0003003092B09D807EB870302EB4303C71845
:10F5F000761CF3E758F8047B761C30786C280FD023
:10F6000006DC4C2817D068280DD06A2814D104E0F5
:10F61000742810D07A280FD10DE044F400140AE0C9
:10F6200044F4801401E044F440147278824202D120
:10F6300004F58014761C761C307866280BD013DC19
:10F64000582877D009DC002875D04528F6D0462800
:10F65000F4D047281AD193E118E0632835D0642804
:10F6600079D0652812D18BE1702873D008DC672827
:10F67000F1D069286FD06E280DD06F2806D1ACE08C
:10F6800073282CD0752874D0782853D052461799F7
:10F6900090476D1C54E1C4F30250022809D003289E
:10F6A0000DD0D8F8001004280DD00D6008F1040822
:10F6B00046E1D8F80010EA17C1E90052F6E7D8F899
:10F6C00000100D80F2E70D70F0E718F8041B8DF8BC
:10F6D000001000208DF80100EB46012003E058F8EF
:10F6E00004BB4FF0FF3061074FF0000102D40DE082
:10F6F00009F101018946B9420FDA8145F8DB1BF8AF
:10F7000009100029F4D108E009F10101894681427C
:10F71000FADB1BF809100029F6D103985346A0EB39
:10F72000090721463846179A00F080FA284400EB72
:10F73000090507E044E008E10DE01BF8010B524623
:10F7400017999047B9F10109F7D253462146384637
:10F75000179AF2E039E00A21C4F302524FF0000B8D
:10F760000091022A06D058F8040BC117032A09D0C9
:10F770000AE023E008F1070020F00702F2E80201A6
:10F78000904605E000B2C117042A01D140B2C1176A
:10F79000002906DA0A460021404261EB02012D22CF
:10F7A00002E0220504D52B228DF80420012203E07B
:10F7B000E20701D02022F7E7914657E00A2100E056
:10F7C00010214FF0000B00910BE010214FF0000BC7
:10F7D00044F004040827009103E008204FF0000BD8
:10F7E0000090C4F30252022A05D058F8040B0021FD
:10F7F000032A08D008E008F1070020F00702F2E829
:10F800000201904603E080B2042A00D1C0B24FF05A
:10F81000000922072AD53278702A07D0DDF800C007
:10F820008CF0100C5CEA0B0C05D00EE040228DF839
:10F830000420012208E050EA010306D030238DF8AD
:10F8400004308DF8052002229146009B83F00803C6
:10F8500053EA0B030AD150EA010201D1620705D530
:10F8600030228DF804204FF001097F1E3278582A8B
:10F8700004D039A20C920CAA02920BE03BA2F9E749
:10F880005B46009AF7F792FC0C9B9B5C029A521E17
:10F890000292137050EA0102F2D1029804A9081AE8
:10F8A00000F1200B600702D524F4803400E001272A
:10F8B0005F4502DDA7EB0B0000E0002000EB0B0131
:10F8C000009003984944401A0390E00306D453463D
:10F8D0002146179A039800F0A9F90544002706E08D
:10F8E00001A85246C05D179990476D1C7F1C4F457B
:10F8F000F6DBE0030CD553462146179A039800F037
:10F9000095F9054404E030205246179990476D1C44
:10F910000099481E00900029F5DC08E00298029941
:10F9200052460078491C0291179990476D1CBBF113
:10F930000001ABF1010BF1DC5BE100F065F905447E
:10F94000761C307800287FF40DAE19B02846BDE84B
:10F95000F08F00000928010030313233343536375A
:10F96000383961626364656600000000303132330B
:10F9700034353637383941424344454600000000AB
:10F98000600700D4062708F1070020F00700F0E820
:10F990000223804603F0004C5FEA0C0001D097A0E0
:10F9A00009E0200501D596A005E0E00701D095A06B
:10F9B00001E0AFF24C001390307823F0004365284B
:10F9C0000CD006DC452809D046281DD047287FD119
:10F9D0003BE0662818D067287AD136E00021112F45
:10F9E00001DB112000E0781CCDE9000104A90CA87E
:10F9F000FFF7E6FCDDE90D010C9A4FF0000B07F173
:10FA00000109109200914EE04FF000400097CDE9BF
:10FA1000011004A90CA8FFF7D3FCDDE90D020C9B33
:10FA20000F994FF0000B91461093009211B9791C79
:10FA300000EB0109B7EB090003D4C0F1FF3B07F16C
:10FA40000109A9EB0700019042E0012F00DA01272C
:10FA50000021112F01DD112000E03846CDE9000121
:10FA600004A90CA8FFF7ACFCDDE90D010C9A00918C
:10FA70004FF0000BB946109221070FD4009A4A4567
:10FA800003DA914601E0A9F10109B9F1010F05DDA1
:10FA9000109AA9F10101515C3029F4D0B84202DA80
:10FAA00010F1040F03DA0121CDE9011010E0002864
:10FAB00003DC8344A9EB000102E0411C494500DD61
:10FAC0008946A0EB0B00401C01904FF000400290D3
:10FAD000200705D40198484502DB4FF0FF30019024
:10FAE00000208DF84B0002980DF14B07B0F1004F4C
:10FAF00025D002200C902B200D90029800280CDAC3
:10FB0000404202902D200D9007E00A210298F7F75D
:10FB100029FE3031029007F8011D0C99481E0C9007
:10FB20000029F2DC02980028EFD1791E0D980870A8
:10FB3000307800F0200040F0450007F8020D11A8D1
:10FB4000C01BC01D02901398007800B1012000EB8B
:10FB50000901019801EBE071029801440398401AF1
:10FB6000401E0390E00306D453462146179A03989B
:10FB700000F05CF805441398007818B152461799C4
:10FB800090476D1CE00323D553462146179A0398EE
:10FB900000F04CF805441BE0BBF1000F07DB0098B8
:10FBA000584504DD1098179910F80B0001E01799DB
:10FBB00030205246904701980BF1010B401E05F191
:10FBC0000105019004D12E205246179990476D1CD3
:10FBD000B9F10001A9F10109DEDC05E017F8010B1C
:10FBE0005246179990476D1C0299481E02900029B1
:10FBF000F4DC53462146179A03989EE62D00000038
:10FC00002B000000200000002DE9F04104460025F3
:10FC10001E461746880404D405E039462020B04724
:10FC20006D1C641EF9D52846BDE8F0812DE9F04130
:10FC3000044600251E469046C80301D5302700E043
:10FC40002027880404D505E041463846B0476D1C9E
:10FC5000641EF9D52846BDE8F0814A68002A06D01E
:10FC60000A68531C0B6010704868401E486070475B
:10FC70000A68531C0B601070704730B583B004469F
:10FC8000FFF782FB05460020CDE900000246214631
:10FC90006846F7F716FE2846FFF78CFBDDE9000102
:10FCA00003B030BD2DE9F0410446884600202071A4
:10FCB000401E20624146204602F0D2F910B10420D5
:10FCC000BDE8F08104F2322001F0D4FE074694F83A
:10FCD0003450EB2D03D0E92D01D0E82D43D14AF665
:10FCE0005520874208D1082223A104F18600F7F7A6
:10FCF00038FB08B90020E3E704F13F0001F0BAFE49
:10FD000006464120055D701E304060BBB6F5007FA1
:10FD100029DBB6F5805F26DC2DB3681E284010BBBA
:10FD200004F1420001F0A6FEE8B14420005D401E4F
:10FD3000012818D804F1450001F09CFE98B104F1A7
:10FD4000470001F097FE802806DA04F1540001F024
:10FD500097FEB0F5803F06D304F14A0001F08AFE19
:10FD600008B10020ACE74AF65520874201D10220B5
:10FD7000A6E70320A4E700004641543332202020A8
:10FD8000000000000246891E9069801E884201D84A
:10FD9000002070475389106B03FB0100F9E72DE940
:10FDA000F04782468846DAF80040B8F1000F06D1E5
:10FDB000276917B1A069B84215D8012713E0414659
:10FDC000504601F077FD0546022D02D20120BDE824
:10FDD000F087681C08B92846F9E7A069A84201D94C
:10FDE0002846F4E74746606908B90020EFE7002697
:10FDF000474518D17E1CA069B04200D80226314682
:10FE0000504601F057FD0546012D01D0681C08B988
:10FE10002846DCE73DB12569022D03D3A069A8423D
:10FE200000D92F460026E6B93E4600BF761CA069E1
:10FE3000B04204D80226BE4201D90020C7E73146AD
:10FE4000504601F037FD054605B909E0012D01D006
:10FE5000681C08B92846BAE7BE42E7D10020B6E7D9
:10FE600000BF4FF0FF323146204602F013F98146C1
:10FE7000B9F1000F08D1B8F1000F05D03246414664
:10FE8000204602F007F98146B9F1000F0FD1266133
:10FE90006069A0B1D4E90510801E81420FD8606965
:10FEA000401E6061607940F00100607107E0B9F1C7
:10FEB000010F02D14FF0FF3000E00120064630462E
:10FEC00085E700002DE9F35F8946D9F800800098A6
:10FED00000F1200520220B212846F7F7FFF900202A
:10FEE000074606464FF0080B00BF3046761C18F850
:10FEF0000040202C00DC4AE02F2C01D05C2C0AD1E1
:10FF000000E0761C18F806002F28FAD018F8060032
:10FF10005C28F6D03BE02E2C01D05F450BD3BBF123
:10FF20000B0F01D02E2C02D00620BDE8FC9F082725
:10FF30004FF00B0BD9E7204600F0F8F8A8B1304697
:10FF4000761C18F800A0504600F00AF918B1ABF181
:10FF50000100B84201D80620E7E738467F1C2C5440
:10FF600038467F1C05F800A010E0214614A0F7F7E2
:10FF7000D9F908B10620D8E7612C04DB7A2C02DC21
:10FF8000A4F12000C4B238467F1C2C54ADE700BF5A
:10FF900008EB0600C9F800000FB90620C5E728786D
:10FFA000E52801D105202870202C03DD18F8060073
:10FFB000202801DC042000E00020E8720020B4E7E3
:10FFC0002A2B2C3A3B3C3D3E5B5D7C223F7F000070
:10FFD0002DE9FF4F85B09A4603AA0121059800F04C
:10FFE00066FA18B1012009B0BDE8F08FDDF80C9079
:10FFF0004FF03F08082701E07806070E37B1B9FB3C
:020000040801F1
:10000000F7F0B0FBF8F0B0F5806FF5D807B9FF272F
:100010004FF480515046F7F768F90AF5DF764FF054
:10002000000B444669E0069850F82B50642D07D821
:1000300001D1484603E06420B9FBF0F0684305466F
:100040006019484501D8601901D3A9EB040505B929
:1000500059E0214606F1080002F06EF9294606F142
:100060000C0002F069F907983071B4FBF8F0B0FBAE
:10007000F7F00490B4FBF8F0B0FBF7F107FB1100C8
:10008000C0B20290B4FBF8F008FB1040401CC0B2B4
:10009000019002987070C021049801EA90000199C3
:1000A0000843B0700498F0706019401EB0FBF8F07F
:1000B000B0FBF7F004906019401EB0FBF8F0B0FB05
:1000C000F7F107FB1100C0B202906019401EB0FBAF
:1000D000F8F108FB1100401CC0B201900298707149
:1000E000C021049801EA900001990843B071049876
:1000F000F07110360BF1010B2C44BBF1040F02D24E
:100100000CB14C458FD300BF4AF655210AF5FF705C
:1001100002F00CF9012300225146059800F02EFA56
:1001200008B101205FE700205DE7000001460B48B1
:10013000007888420FDC09484078884201DB0120C2
:10014000704706488078884205DC0448C0788842B9
:1001500001DB0120F4E70020F2E700007C26010823
:10016000014610480079884219DC0E4840798842DF
:1001700001DB012070470B488079884205DC094883
:10018000C079884201DB0120F4E70648007A884202
:1001900005DC0448407A884201DB0120EAE70020C0
:1001A000E8E700007C2601082DE9F04104460E46F0
:1001B000D4F800800021204600F019F90546EDB979
:1001C000002700BF4046A16901F04AFF054605B17E
:1001D00013E0E0690078E52802D0E069007820B9F2
:1001E000781C0746B04201D107E0002701212046D4
:1001F00000F06FF80546002DE4D000BF042D00D1BB
:1002000007252846BDE8F0812DE9F04704468946D8
:10021000204602F0F7F810B10120BDE8F08749460A
:100220002046FFF7AFFD064626624FF4805104F1E9
:100230003400F7F75AF804F134080127002500E0EC
:100240003D446089A84207D9721960783B4641460F
:1002500000F094F90028F3D06089A84201D0012071
:10026000DBE70020D9E72DE9F041044627680021AB
:10027000204600F0BCF8054615B12846BDE8F081DF
:1002800000BF3846A16901F0EBFE054605B11DE04F
:10029000E06906780EB9042518E0E069C07A00F03C
:1002A0003F00A071E069C07A00F0080038B90B2265
:1002B00004F12001E069F7F754F800B906E00021E5
:1002C000204600F006F80546002DDAD000BF28468B
:1002D000D4E72DE9F041044688462668206900F1FC
:1002E0002007B7F5001F01D30020A061A06910B955
:1002F0000420BDE8F081B089B7FBF0F100FB11707C
:10030000002847D1A069401CA061606938B93089D4
:10031000B0EB571F3ED80020A0610420E9E7B08968
:10032000B7FBF0F07189491E084098BB204661690F
:1003300001F0C0FA0546012D01D80220D9E7681C5A
:1003400008B90120D5E7B069A8421DD8B8F1000F5F
:1003500003D10020A0610420CBE720466169FFF7AC
:100360001EFD05460DB90720C3E7012D01D102206E
:10037000BFE7681C08B90120BBE729463046FFF7F4
:1003800043FF08B10120B4E7656129463046FFF715
:10039000F9FCA0612761B089B7FBF0F100FB117196
:1003A00006F134000844E0610020A2E770B504467D
:1003B000266801212046FFF7F7FE0546ADB9304615
:1003C000A16901F04DFE05467DB92021E069F6F7EF
:1003D0008CFFE069216A0160616A4160218D0181C1
:1003E00094F82A10817201203071284670BD2DE9E1
:1003F000F04104460E462568B6F5001F02D206F00D
:100400001F0010B10220BDE8F0812661A7681FB966
:100410002878032800DBEF6A47B92889B0EB561F1C
:1004200001D80220EFE7E86AA0611DE06889A98988
:1004300000FB01F811E03946204601F03BFA07467F
:10044000781C08B90120DEE7022F02D3A869B84260
:1004500001D80220D7E7A6EB08064645EBD239467D
:100460002846FFF78FFCA0616761A06908B90220E8
:10047000C9E7A889B6FBF0F0A1690844A061A88982
:10048000B6FBF0F100FB116105F134000844E061B6
:100490000020B8E710B504463CB972B6FEF735FC4B
:1004A00062B6002000F036F810BD0120FCE710B560
:1004B0000346C3B989B1012904D0022909D003290F
:1004C0000DD103E04FF48050106008E0012010606F
:1004D00005E04FF48050106001E0002400BF00BF31
:1004E0000024204610BD0420FCE72DE9F04104461D
:1004F000884615461E4654B972B632032803414653
:10050000FEF72DFC62B600273846BDE8F0810420D6
:10051000FBE7000070B50446114D124E05B136B927
:100520003246294610A0FEF7EDFE00BFFEE7A4B953
:1005300072B60B48FEF735FC0A49088062B60848D7
:100540000078EF2807D10748008844F21801884254
:1005500001D1002070BD0220FCE70120FAE7000075
:100560006A0000206C000020494420707472206EE4
:10057000756C6C2025702025700A00002DE9F04173
:1005800005460E4617461C4675B972B64FF6FF7003
:1005900000EA043239033046FEF74CFC62B64FF0F5
:1005A00000084046BDE8F0810420FBE70A49D1F885
:1005B0000411FF2904D90021074AC2F804110AE0F6
:1005C0000549D1F80421D1F80411491C024BC3F8A4
:1005D0000411194688547047C401002038B50546F7
:1005E000284600F0D7FE04463CB96946284601F08B
:1005F000DFFF04460CB900202860204638BD38B51E
:1006000004466946204601F0D3FF05460DB9002097
:100610002060284638BD2DE9F74F86B089469246BE
:10062000002205A906A801F0A1FB8046B8F1000F41
:100630006FD10598CAF800000598D0E90510801E12
:10064000814204D805984069C9F8000061E000259E
:100650000598007801281BD102260598019000BF5B
:10066000314601A801F026F90746781C10B94FF071
:1006700001080CE0012F02D14FF0020807E007B992
:100680006D1C701C0646059989698842E8D333E0E1
:10069000059886690598D0F828B0002400BF54B9A1
:1006A00059460BF1010B059801F0DAFC8046B8F1D0
:1006B000000F00D01FE005980078022808D10599A6
:1006C0003431081901F0D6F900B96D1CA41C09E0F9
:1006D00005993431081901F0D3F920F0704000B9C0
:1006E0006D1C241D05988089B4FBF0F100FB1144BA
:1006F000701E061ED3D100BFB8F1000F09D1C9F892
:100700000050059845610598407940F00100059931
:100710004871404609B0BDE8F08F2DE9F84F044616
:100720000E466946204601F043FF8246BAF1000FAB
:1007300001D194F811A0BAF1000F02D05046BDE8E3
:10074000F88FE068B04204D2207C00F0020000B9CB
:10075000E668D4F814904FF00008C4F81480002E16
:1007600072D0009840890099898900FB01F7B9F19E
:10077000000F11D0701EB0FBF7F1A9F10100B0FB22
:10078000F7F0814208D3A9F10100791E8843606126
:100790006069361AA56912E0A5687DB90021204676
:1007A000FFF7FDFA0546012D02D102206074C6E76D
:1007B000681C10B901206074C1E7A560A561002D17
:1007C00042D024E0F61B606938446061207C00F070
:1007D000020040B100BF29462046FFF7E0FA054677
:1007E00035B9002615E02946204601F063F8054694
:1007F000681C10B901206074A1E7012D03D900988D
:100800008069A84202D80220607498E7A561BE42C0
:10081000D8D800BF60693044606100988089B6FB19
:10082000F0F100FB116078B129460098FFF7AAFAB1
:100830008046B8F1000F02D1022060747FE7009873
:100840008089B6FBF0F08044E1686069884205D990
:100850006069E060207C40F040002074606900998D
:100860008989B0FBF1F201FB120020B3E069404539
:1008700021D0207C00F0800078B1E26900994878AE
:10088000012304F12801FFF779FE10B10120607403
:1008900055E7207C00F07F00207400994878012300
:1008A000424604F12801FFF720FE10B101206074D8
:1008B00045E7C4F81C80504641E7F1B590B00222EC
:1008C0000FA910A801F052FA0446002C7BD10F9812
:1008D000049004A8109900F065FF044644B99DF8FF
:1008E0003B0000F0A00008B1062000E0082004460C
:1008F000042C6ED10F98009000216846FFF74FFA44
:100900000546002405B90724012D00D10224681CE6
:1009100000B9012401F067F80746BCBB29460F98CF
:10092000FFF772FC04468CBB20220B210F98343059
:10093000F6F7D4FC2E200F9981F8340010210F987F
:1009400080F83F1039460F984A3001F0F5FC2A46EE
:100950000F9934310F9801F0FBFC20220F993431AC
:100960000F985430F6F7A8FC2E210F9880F85510F8
:10097000069E32460F9954310F9801F0E9FC012090
:100980000F99087104A8FFF711FD0446E4B90B990B
:1009900001F10E00394601F0CFFC0B9901F1160070
:1009A000394601F0C9FC2A460B990F9801F0D0FC9A
:1009B00010200B99C87201200F9908711CB90F986B
:1009C00001F0D8FC044604E000222946684601F004
:1009D00029FC204611B0F0BD2DE9FF4F99B00E461D
:1009E00019A801F01EF803900398002803DA0B20E1
:1009F0001DB0BDE8F08FFE49039851F8200028B1E2
:100A00000021FB4A039852F8200001700398C0B2FD
:100A10001690002015901698FFF73CFD0290029862
:100A200000F0010008B10320E2E7029800F00400A2
:100A300008B10A20DCE706B9EE4E706812901298F1
:100A400020B912AA03211698FFF731FD129840B180
:100A50001298B0F5004F04D81298401E1299084021
:100A600008B10120129014AA02211698FFF71FFD69
:100A700008B10120BCE7BDF85000B0F5805F0BDC89
:100A8000BDF85000B0F5007F06DBBDF85000401EF9
:100A9000BDF85010084008B10120A9E7307800F0F7
:100AA0000F0018907078012804DB7078022801DCB0
:100AB000707800E001200590B16889B1B168B1F5A6
:100AC000004F0DD8BDF85000C11700EBD16149119E
:100AD000B268B2FBF1F301FB132109B9B16801E07F
:100AE0004FF400710491F068B0F1807F05D8F06890
:100AF000411E084008B9F06800E000200690BDF8EB
:100B000050100698B0FBF1F00690BDF850101C98FC
:100B1000B0FBF1F01390139808B9112068E71B9C03
:100B20000CB9112064E74FF0000ACDF83CA000BFDB
:100B30000FAA01211698FFF7BAFC08B1012057E768
:100B4000189800F0080040B90F983F2805D94FF0D9
:100B50003F0A0F98A0EB0A000F900F98802801D24F
:100B60000E2045E700BF00BF0698802801D98020ED
:100B70000690189800F0020028B1189800F00100C3
:100B800008B9032707E0189800F0010008B91320FE
:100B90002EE7022700BF00BF00F025FF0F99084491
:100BA000109000BF069D032F2DD195B90F984FEAE5
:100BB00050494FF0000B012502E00BF1010B6D00D5
:100BC0008D4830F81B0020B18B4830F81B00484599
:100BD000F3D90F98B0FBF5F8082000EB8800BDF8BA
:100BE00050100844401EB0FBF1F0089020200990FE
:100BF000002007904FF6F570804502D97F48804568
:100C000039D90E20F4E695B90F984FEA10394FF014
:100C1000000B012502E00BF1010B6D00784830F864
:100C20001B0020B1764830F81B004845F3D90F98D7
:100C3000B0FBF5F840F6F570804503D9042000EBD1
:100C4000480906E0012708EB4800401C032101EB9E
:100C50005009BDF850004844401EBDF85010B0FB8C
:100C6000F1F008900120099004984001BDF850105F
:100C7000B0FBF1F00790099850440E90059A08993E
:100C80000E9801FB0201079808440D9012990D98E7
:100C90000844401E491E20EA01010D98A1EB0009FD
:100CA000032F06D10998484409900E9848440E90A5
:100CB00013E00598B9FBF0F100FB119038B1A9F1F0
:100CC00001090998401C09900E98401C0E90059847
:100CD000B9FBF0F10898084408900D9800EB051056
:100CE000A0EB0A000F99884201D90E2080E60F99E7
:100CF00009980A1A0599089800FB11210798081A03
:100D0000B0FBF5F8032F0BD14FF6F570804507D8EF
:100D1000069818B96808069000B135E00E2067E61D
:100D2000022F28D14FF6F570804517D9069830B9B3
:100D30004020B0EB450F02D36800069024E01898DD
:100D400000F0020008B103271EE0069820B96800F1
:100D50000690802800D817E00E2049E640F6F5708E
:100D6000804508D8069820B968000690802800D8E9
:100D70000AE00E203CE6012F05D140F6F5708045D3
:100D800001D90E2034E600E00CE700BFBDF850109A
:100D90002046F6F7AAFA1BA001682160416861604D
:100DA00001892181807AA072BDF8501004F10B00F6
:100DB00001F0BCFA6573099881B204F10E0001F0EC
:100DC000B5FA05982074032F01D1002000E00498A3
:100DD00081B204F1110001F0A9FA0F98B0F5803F3B
:100DE00016D20F9881B204F1130001F09FFA14E0BB
:100DF00070000020A426010894260108F5FFFF0FCB
:100E000086260108EBFE904D53444F53352E30009B
:100E100004F120000F9901F08FFAF82060753F214E
:100E200004F1180001F082FAFF2104F11A0001F028
:100E30007DFA514604F11C0001F07EFA032F25D102
:100E400004F14300109901F077FA04F124000899A5
:100E500001F072FA022104F12C0001F06DFA012177
:100E600004F1300001F062FA062104F1320001F0D1
:100E70005DFA802084F84000292084F84200132283
:100E800083A104F14700F6F717FA16E004F12700F2
:100E9000109901F051FA089881B204F1160001F09E
:100EA00045FA802084F82400292084F826001322A3
:100EB0007CA104F12B00F6F7FFF94AF6552104F561
:100EC000FF7001F033FA0123524621461698FFF7CE
:100ED00055FB08B101208BE5032F33D101230AF123
:100EE000060221461698FFF749FBBDF85010204630
:100EF000F6F7FBF97049204601F01EFA6F4904F538
:100F0000F27001F019FAA8F1010104F5F47001F092
:100F100013FA022104F5F67001F00EFA4AF6552193
:100F200004F5FF7001F002FA01230AF107022146DD
:100F30001698FFF723FB01230AF1010221461698B8
:100F4000FFF71CFBBDF85020139800FB02F1204670
:100F5000F6F7CBF90E980C904FF0000B40E0032F02
:100F60000FD16FF00701204601F0E6F9391F201D6F
:100F700001F0E2F96FF0704104F1080001F0DCF9D2
:100F800009E0012F01D14E4801E06FF00700014652
:100F9000204601F0D1F90898119000BF13991198DB
:100FA000884201D9139800E0119881464B462146AA
:100FB0000C9A1698FFF7E2FA08B1012018E5BDF87F
:100FC00050102046F6F791F90C9848440C9011986F
:100FD000A0EB0900119011980028DFD10BF1010B53
:100FE00005988345BBD3032F01D1284600E007981D
:100FF000119000BF13991198884201D9139800E00D
:10100000119881464B4621460C9A1698FFF7B6FA7E
:1010100008B10120ECE40C9848440C901198A0EB26
:101020000900119011980028E4D100BF032F02D1CC
:101030000C2017900DE00F98B0F5803F02D30620EA
:10104000179006E0022F02D10420179001E0012042
:10105000179000BF189800F0080070B90F980A9018
:1010600000200B9023460AA9DDE91602FEF7B0FF27
:101070000190019808B10198BAE40022114616982F
:10108000FFF715FA08B10120B2E40020B0E4000037
:101090004E4F204E414D45202020204641543332B2
:1010A000202020004E4F204E414D4520202020463C
:1010B000415420202020200052526141727241612F
:1010C000F8FFFF00F7B582B016460398019001A81B
:1010D00000F0A7FC0446002C02DA0B2005B0F0BD9E
:1010E0000F4850F8245025B100200D4941F8240044
:1010F0002870029840B102994C7000200299087043
:101100000749029841F824000EB90020E6E70022C2
:1011100002A903A800F02AFE07463846DEE70000D1
:10112000700000202DE9F7478DB0044616461CB923
:10113000092010B0BDE8F08706F03F06324601A94D
:101140000EA800F013FE0546002D70D10198206016
:101150000198029002A80E9900F024FB05462DB9D3
:101160009DF8330000F0800000B1062506F01C0059
:10117000002854D045B1042D03D102A8FFF716F979
:10118000054646F008060AE006F0040008B1082506
:1011900005E09DF80E0000F0110000B10725002DBC
:1011A0004FD106F0080000284BD000F01CFC81460F
:1011B000099901F10E00494601F0BEF8099901F1C3
:1011C0001600494601F0B8F80999019800F064FC4E
:1011D000074620200999C87200220999019801F058
:1011E000B7F8099901F11C00002101F0A5F80120D0
:1011F0000199087197B10198D0F8208000223946F2
:1012000002A801F00FF805463DB94146019800F0EB
:1012100027FF0546781E0199086100BF11E085B9D6
:101220009DF80E0000F0100010B1042509E076E0F2
:1012300006F0020028B19DF80E0000F0010000B198
:1012400007254DB906F0080008B146F040060198A0
:10125000006A206209986062002D60D109990198A6
:1012600000F01AFCA060099901F11C0000F008FCD4
:10127000E0600198C088A080267400206074E0615E
:1012800060614FF4805104F12800F6F72EF806F063
:101290002000002843D0E068002840D0E06860616A
:1012A000019840890199898900FB01F9A768D4F860
:1012B0000C800CE03946204600F0FCFA0746012F6E
:1012C00000D80225781C00B90125A8EB09080DB942
:1012D000C845EFD8A7610DBB01988089B8FBF0F134
:1012E00000FB1180D0B139460198FEF74BFD8246D4
:1012F000BAF1000F01D102250FE001988089B8FBF7
:10130000F0F05044E061E26901994878012304F16A
:101310002801FFF7EAF800B1012500BF00BF0DB1B9
:1013200000202060284604E733B581B004460CB99C
:1013300009203EBD0022694602A800F017FD0546BF
:101340001DBB009820602046029900F02BFA05464C
:10135000C5B92B20005D00F0800050B9A07900F0E5
:10136000100028B1E169009800F096FBA06000E051
:1013700005253DB90098C088A08000212046FFF7D0
:1013800036F80546042D00D105250DB1002020605A
:101390002846CEE7F8B504466946204601F008F92C
:1013A0000646002E45D1207C00F04000002840D0A9
:1013B000207C00F0800070B1E26900994878012338
:1013C00004F12801FFF7DAF808B10120F8BD207C0C
:1013D00000F07F002074216A009800F041FE06466C
:1013E0003EBB656AE87A40F02000E8722946A268B0
:1013F000206800F0ADFF05F11C00E16800F09CFFE3
:1014000000F0F1FA0746394605F1160000F094FFA6
:10141000002105F1120000F089FF012000990871F8
:10142000009800F0A7FF0646207C00F0BF00207463
:1014300000BF3046CAE72DE9FF4F85B00446154688
:101440009B46069802900020CBF8000003A9204696
:1014500001F0AEF80490049810B9607C049018B1C3
:10146000049809B0BDE8F08F207C00F0020008B9B4
:101470000720F6E700BF606928446169884202D20C
:101480006069C0F1FF35D6E0606903998989B0FBD6
:10149000F1F201FB120000287DD16069039989896E
:1014A000B0FBF1F003994989491E00EA010ABAF13B
:1014B000000F1ED1606938B9A76857B900212046CE
:1014C000FEF76DFC074604E02046A169FEF767FCC5
:1014D000074607B9B2E0012F02D102206074C0E7CD
:1014E000781C10B901206074BBE7A761A06800B93F
:1014F000A760207C00F0800078B1E2690399487809
:10150000012304F12801FFF739F810B101206074BC
:10151000A7E7207C00F07F002074A1690398FEF704
:1015200031FC064616B9022060749AE756440398C7
:101530008089B5FBF0F9B9F1000F31D00AEB090051
:1015400003994989884203D903984089A0EB0A0985
:10155000039948784B4632460299FFF70FF810B1CD
:10156000012060747DE7E069801B484511D2E06985
:10157000831B0398B0F80CC0029803FB0C0103987E
:10158000828904F12800F5F797FE207C00F07F00A7
:101590002074039800E017E0808900FB09F835E02B
:1015A000E069B0420FD0E168606988420BD20399CC
:1015B00048780123324604F12801FEF796FF10B166
:1015C000012060744DE7E661606903998989B0FB89
:1015D000F1F201FB120003998989A1EB0008A845EB
:1015E00000D9A846606903998989B0FBF1F201FB33
:1015F000120104F128000844424601900299F5F7CF
:101600005BFE207C40F08000207400BFA5EB080545
:10161000DBF800004044CBF8000002984044029000
:10162000606940446061E1686069884201D960692D
:1016300000E0E068E060002D7FF426AF00BF207C72
:1016400040F04000207400200BE7000010B501229C
:1016500013A11448FFF736FD0446214612A0FDF7FA
:1016600051FE0D2C1BD14FF48053124A00210CA0C7
:10167000FFF7B2F9044621460FA0FDF743FE012211
:1016800007A10020FFF71EFD0446012204A1054822
:10169000FFF718FD044621460AA0FDF733FE10BDF2
:1016A000303A000014270020666D6F756E74202597
:1016B000640D0A0070470020666D6B667320256418
:1016C0000D0A0000666D6F756E7420616761696E4A
:1016D0002025640D0A00000008B50546F5F74AFD0F
:1016E0000446A6696769D4F810803B46324629460D
:1016F00003A0CDF80080FDF705FE00BFFEE7000067
:101700000A25734661756C7420402050433D253096
:101710003858204C523D25303858202072345F70A4
:101720006F703D253038580A000000002DE9FF4158
:1017300007460D4600213846FEF7B4FA0646022E4B
:1017400006D0032E00D21DB9304604B0BDE8F081AA
:1017500000BF00240AE007F5F97101EB041101F163
:10176000080000F08DF94DF82400641C042CF2D31D
:101770000DB1681E00E00020044600BF5DF82400A3
:1017800028B15DF824103846FEF78CFA00E00320FB
:1017900006462DB9022E03D3601C04460428EDD35F
:1017A0003046D2E72DE9F3410446276802E001986C
:1017B000401C0190019800782F28F8D001980078FB
:1017C0005C28F4D00020A06001980078202808D27E
:1017D00080212B20015500212046FEF708FE0546FA
:1017E00031E000BF01A92046FEF76CFB054605B1BC
:1017F00028E02B20065D2046FEF735FD05463DB16D
:10180000042D04D100BF06F0040000B9052519E03D
:1018100006F0040000B115E0A07900F0100008B94E
:1018200005250FE0B9892069B0FBF1F201FB120137
:1018300007F1340001EB00084146384600F02CF96E
:10184000A060CFE700BF2846BDE8FC8170B5044624
:101850000D46A1B20548FBF780FB00BF802103487D
:10186000FBF7AEFA0028F9D0204670BD00440040D6
:101870007FB504460D46A07961792279A378CDE938
:101880000032CDE902106378207800F5FA6202A1F7
:101890002846FDF761FD7FBD253034642530326474
:1018A000253032642530326425303264253032648C
:1018B000000000002DE9F05F81460D46D9F8004098
:1018C000022D02D3A069A84202D84FF0010887E098
:1018D0004FF0FF382078012804D002283AD003289E
:1018E0007AD156E02E4606EB5606A089B6FBF0F0FC
:1018F000A16A00EB010A5146204600F0B1FB00B19D
:101900006DE03046761CA189B0FBF1F201FB1201BB
:1019100004F13400475CA089B6FBF0F0A16A00EB4B
:10192000010A5146204600F09BFB00B157E0A08918
:10193000B6FBF0F100FB116104F13400405C47EAB2
:10194000002705F0010008B1380901E0C7F30B00DA
:10195000804644E0B4F80CA00AEBDA704010B5FB06
:10196000F0F0A16A00EB010B5946204600F078FB2D
:1019700000B134E06800A189B0FBF1F201FB120173
:1019800004F1340001EB000A504600F073F8804681
:1019900025E0B4F80CA04FEAEA700AEB90708010D2
:1019A000B5FBF0F0A16A00EB010B5946204600F0B0
:1019B00057FB00B113E0A800A189B0FBF1F201FBD5
:1019C000120104F1340001EB000A504600F058F80F
:1019D00020F0704803E0FFE74FF0010800BF00BFB0
:1019E0004046BDE8F09F1CB56846FAF7A1F89DF89F
:1019F0000000143040069DF8011040EA41509DF867
:101A0000021040EA01409DF8041040EAC1209DF810
:101A1000051040EA41109DF8061040EA6104204696
:101A20001CBD30B5044620680146024611B94FF08E
:101A3000FF3030BD00BF12F8013B212B01D33A2B00
:101A4000F9D13A2B14D101250878302808DB087821
:101A5000392805DC881C904202D10878A0F13005B5
:101A6000012D02DB4FF0FF30E3E722602846E0E77C
:101A70000020DEE7014648780A7842EA00207047F5
:101A80000146C8788A7842EA00204A7842EA002073
:101A90000A7842EA0020704770B505460C4604F10A
:101AA0001A00FFF7E7FF06462878032805D104F15E
:101AB0001400FFF7DFFF46EA0046304670BD000025
:101AC0001CB5002080F3108800BF01210846F9F7FB
:101AD000A1FE01218848F8F775FBF8F7CDFBF8F770
:101AE000BDFE4FF4A060F9F739FBF8F7D1FEF8F727
:101AF00089FEF8F77BFEF8F77FFFFDF706F94FF454
:101B0000E13000F0A5FC4FF4E13000F0FDFC4FF4B3
:101B10001650F9F765FFF6F781FC784B0122182182
:101B20006420F8F727FE764B764A77497748FAF72C
:101B3000E5F8202276494FF44070F8F779FF734AB0
:101B400074A17648FDF708FC74497148F5F7FBFB72
:101B500028B1202271494FF44070F8F7ACFFF9F733
:101B6000DFFD6F49086008460068F8F7DBFC6D4848
:101B7000007808B9F6F72CFB69480068F5F797FD7F
:101B8000044622460B4668A0FDF7BCFB69490720C6
:101B9000FAF726FE6848F9F7CBFFFFF757FD664ACC
:101BA0006649A1F11400F8F76BF96420F8F738F9E9
:101BB0006348644B644A012100906448FBF73FFC92
:101BC000FAF730FF96E062480078002856D10120ED
:101BD0005F4908705348007828B9F8F725FE4A494C
:101BE0004A48FDF7B1F9F8F71FFE5A480078002877
:101BF00044D10120574908704A480078022805D08E
:101C00004D4A4E49A1F11400F8F776F9454800789D
:101C100051490870F9F784FD414908600846006899
:101C2000F8F780FC4C48007828B93E48007810B19D
:101C3000F6F7C4FA07E04848007820B13948007840
:101C400008B9F6F7C5FA3C480079B8B9002043490D
:101C5000087001204249087008E0FAF71FF840496F
:101C600008703E480078401C3C4908703B480078AA
:101C70000A2803DA3A4800780028EED1294800788B
:101C8000022815D03748007820B1282807D05028DE
:101C90000DD109E0FDF782F9F8F7C6FD07E0F6F788
:101CA00031FDF8F7C1FD02E0F8F7BEFD00BF09E025
:101CB0002C480078282190FBF1F201FB120008B9B2
:101CC000F8F7B2FD1C481049104B0D4ACDE9001041
:101CD0000C492548F6F7F0FB22480078401C782193
:101CE00090FBF1F201FB12001E49087040F2F31064
:101CF000F8F796F867E70000000230005200002075
:101D00008820002068200020482000202820002073
:101D1000A820002025735F3031000000C82000207B
:101D2000540000203A000020506F7765723A256613
:101D30000D0A000060000020590000208467002088
:101D4000A0010020E8000020380100202021002010
:101D50005000002051000020670000206800002093
:101D60006900002058000020941F00202DE9F74F43
:101D700084B00021059801600498FFF752FE03909B
:101D80000398002803DA0B2007B0BDE8F08FAE49B6
:101D9000039851F820400CB90C20F5E70598046031
:101DA000069800F0FE000690207878B16078FEF783
:101DB000B1FB074607F0010040B9069820B107F0D3
:101DC000040008B10A20DFE70020DDE700202070D2
:101DD0006078FEF75FFB074607F0010008B10320BB
:101DE000D2E7069820B107F0040008B10A20CBE73B
:101DF000607804F10C020221FEF759FB08B10120C2
:101E0000C2E7A089B0F5805F07DCA089B0F5007F4C
:101E100003DBA089411E084008B10120B4E700217E
:101E20002046FFF783FC0546042D01D10120ABE7D6
:101E3000022D01D30D20A7E7D4F8209004F13F0034
:101E4000FFF718FEA189884201D00D209CE704F11C
:101E50004A00FFF70FFE064626B904F15800FFF7C7
:101E60000FFE0646E6614420005DE070E078012840
:101E700004D0E078022801D00D2085E7E0784643C1
:101E80004120005D6081608918B16089411E084071
:101E900008B10D2078E704F14500FFF7EBFD208144
:101EA000A089C11700EBD1614911228992FBF1F39E
:101EB00001FB132109B10D2066E704F14700FFF78C
:101EC000D9FD8246BAF1000F04D104F15400FFF7A6
:101ED000D7FD824604F14200FFF7CCFD8346BBF1FB
:101EE000000F01D10D204FE7A089C11700EBD16190
:101EF0004911228992FBF1F10BEB06021144029188
:101F000002998A4501D20D203EE70298AAEB000013
:101F10006189B0FBF1F8B8F1000F01D10D2033E772
:101F200000254A48804500D803254FF6F5708045C6
:101F300000D8022540F6F570804500D801250DB97E
:101F40000D2021E708F10200A061C4F8249009EBFC
:101F50000B00A062029848442063032D13D104F1C2
:101F60005E00FFF787FD08B10D200DE7208908B15D
:101F70000D2009E704F16000FFF782FDE062A0692F
:101F80008000019014E0208908B90D20FCE6A06AC9
:101F90003044E062022D02D1A069400007E0207EBB
:101FA00000F00100A16901EB410100EB510001903B
:101FB000A089401E01990844A189B0FBF1F0E169B4
:101FC000884201D90D20DFE64FF0FF3060612061CB
:101FD00080206071032D2CD104F16400FFF74AFDCD
:101FE000012826D109F10101204600F039F800BB93
:101FF0000020607104F13400FFF742FD144988426B
:1020000017D104F50670FFF73BFD1249884210D145
:1020100004F50C70FFF734FD0F49884209D104F52F
:102020000770FFF72DFD606104F50870FFF728FDCC
:102030002061257009480088401C80B2074908804B
:10204000E0800020A0E6000070000020F5FFFF0FF8
:102050005252614172724161000055AA7400002021
:1020600070B504460D460026206AA84210D02046CE
:1020700000F0C8F906465EB9607801232A4604F1EB
:102080003401FEF732FA10B14FF0FF350126256218
:10209000304670BD2DE9F05F04460D4616464FF000
:1020A0000209022D72D3A069A8426FD920780128B5
:1020B00004D0022857D0032811D179E02F4607EB2E
:1020C0005707A089B7FBF0F0A16A00EB010A51465F
:1020D0002046FFF7C5FF8146B9F1000F00D09DE013
:1020E00038467F1CA189B0FBF1F201FB120104F11B
:1020F000340001EB000805F0010028B1F1B298F8B6
:10210000000061F31F1000E0304688F80000012055
:102110002071A089B7FBF0F0A16A00EB010A5146DB
:102120002046FFF79DFF8146B9F1000F00D075E012
:10213000A089B7FBF0F100FB117104F1340001EB51
:10214000000805F0010010B1C6F3071006E098F88A
:10215000000000F0F000C6F30321084388F80000F7
:10216000012020715AE0B4F80CA00AEBDA7040109C
:10217000B5FBF0F0A16A00EB010B59462046FFF7D2
:102180006FFF8146B9F1000F01D047E047E06800DA
:10219000A189B0FBF1F201FB120104F1340001EB63
:1021A000000AB1B2504600F0C1F80120207135E0BC
:1021B000B4F80CA04FEAEA700AEB90708010B5FBFF
:1021C000F0F0A16A00EB010B59462046FFF748FFEB
:1021D0008146B9F1000F00D020E0A800A189B0FB32
:1021E000F1F201FB120104F1340001EB000A504648
:1021F000FFF746FC66F31B000646A800A189B0FB6A
:10220000F1F201FB120104F1340001EB000A314646
:10221000504600F091F80120207100BF00BF4846F1
:10222000BDE8F09F2DE9F04781460E4617464FF076
:102230000008D9F80040022E02D3A069B04202D8AB
:102240000220BDE8F08767B100BF4FF0FF3239468A
:102250002046FFF71FFF8046B8F1000F01D040462F
:10226000EFE700BF31464846FFF724FB054605B9B6
:1022700022E0012D01D10220E3E7681C08B901200A
:10228000DFE7002231462046FFF704FF8046B8F121
:10229000000F01D04046D4E7D4E90510801E8142EA
:1022A00006D26069401C6061607940F00100607195
:1022B0002E46A069B042D5D800BF0020C1E700007B
:1022C000002004E00021154A1154411CC8B2102816
:1022D000F8DB002005E00022104910310A54411CAF
:1022E000C8B28028F7DB002004E000210C4A11541A
:1022F000411CC8B20A49D1F804118142F5D8002026
:10230000064981F8900081F891000549C1F804015F
:10231000044908700449087070470000941F0020A9
:10232000CC020020370000203800002000F8011BFC
:10233000091200F8011B704700F8011B090A00F898
:10234000011B090A00F8011B090A00F8011B70476C
:1023500070B506460C461546A9B204F11A00FFF7FF
:10236000E5FF3078032804D1290C04F11400FFF7AD
:10237000DDFF70BD70B50446204600F043F8054609
:10238000002D37D1607901282DD10020607120788F
:10239000032828D14FF4805104F13400F4F7A5FF4D
:1023A000154904F13400FFF7C7FF144904F506701E
:1023B000FFF7C2FF04F507706169FFF7BDFF04F581
:1023C00008702169FFF7B8FF0D4904F50C70FFF79D
:1023D000B3FF616A491C0A4621626078012304F157
:1023E0003401FEF7CBF8607800221146FEF75FF863
:1023F00000B10125284670BD52526141727241619F
:10240000000055AA70B5044600252079E8B160782F
:10241000012304F13401226AFEF7B0F8A0B90020CC
:102420002071A16A206A401AE16988420DD2E078E1
:1024300002280AD1D4E90731CA186078012304F1CF
:102440003401FEF79BF800E00125284670BD00002E
:1024500010B586B0044601210420F9F7DBF901210B
:102460004804F9F7B7F92648FAF75CFC0420ADF800
:10247000140003208DF8160018208DF8170005A908
:102480002048F7F713FE0820ADF8140004208DF85B
:10249000170005A91B48F7F709FE26208DF8000054
:1024A00002208DF8010003208DF8020001208DF834
:1024B00003006846F8F71AFE01940020ADF8080002
:1024C000ADF80A00ADF80C00ADF810000C20ADF826
:1024D0000E0001A90A48FAF7CFFC012240F224417C
:1024E0000748FAF7A4FC012240F225510448FAF704
:1024F0009EFC01210248FAF709FC06B010BD00005D
:10250000004400400008014010B586B00446012197
:1025100044F20400F9F77EF92348FAF703FC4FF47C
:102520000070ADF8140003208DF8160018208DF807
:10253000170005A91D48F7F7B9FD4FF48060ADF805
:10254000140048208DF8170005A91848F7F7AEFDCC
:1025500025208DF8000000208DF8010001208DF865
:1025600002008DF803006846F8F7C0FD01940020D2
:10257000ADF80800ADF80A00ADF80C00ADF8100099
:102580000C20ADF80E0001A90748FAF775FC0122EE
:1025900040F225510448FAF74AFC01210248FAF7B3
:1025A000B5FB06B010BD0000003801400008014036
:1025B00070B504460D4609268CB1206878B12068B4
:1025C000007860B1A0882168C988884207D1216855
:1025D0004878FDF79FFF00F0010000B900260EB912
:1025E000206800E000202860304670BD1C290108EA
:1025F0000400000004290108050000000C2901085E
:10260000010000001429010802000000FC28010854
:10261000030000002C2901080600000034290108ED
:1026200007000000F0280108080000002429010824
:1026300009000000D42801080900000094280108BE
:1026400008000000C828010804000000AC280108A8
:1026500005000000B828010801000000C02801089A
:1026600002000000A028010803000000E028010883
:1026700006000000E828010807000000819FE0FC38
:10268000407E80FC000001000400100040000001BA
:1026900000020000010002000400080010002000F9
:1026A0000000000007000000000000000000000023
:1026B0000000000000000003008083000000000014
:1026C0000000000006000000000000008002022060
:1026D0000000005052454348494E202053504920A5
:1026E000466C617368204469736B20312E30201F63
:1026F0001C1F1E1F1E1F1F1E1F1E1F1F1D1F1E1FF4
:102700001E1F1F1E1F1E1F004040404040404040F3
:1027100040414141414140404040404040404040B4
:102720004040404040404040050202020202020296
:102730000202020202020202202020202020202089
:1027400020200202020202020290909090909010CB
:102750001010101010101010101010101010101079
:1027600010101002020202020288888888888808F5
:1027700008080808080808080808080808080808D9
:102780000808080202020240082701084461746137
:1027900054696D653D25733B6130313030312D52C8
:1027A00074643D252E31662C6130313030312D4638
:1027B0006C61673D25633B6130313030322D52749E
:1027C000643D252E31662C6130313030322D466C1F
:1027D00061673D25633B6130313030372D52746481
:1027E0003D252E31662C6130313030372D466C61FD
:1027F000673D25633B6130313030382D5274643D84
:10280000252E31662C6130313030382D466C6167B1
:102810003D25633B6130313030362D5274643D25A7
:102820002E32662C6130313030362D466C61673D7A
:1028300025633B6130353030312D5274643D252E97
:1028400031662C6130353030312D466C61673D2565
:10285000633B4138363030372D5274643D252E317C
:10286000662C4138363030372D466C61673D256324
:102870003B4138363030322D5274643D252E31665E
:102880002C4138363030322D466C61673D25633B34
:10289000000000005253343835444154410D0A00C1
:1028A00055504C4F41440D0A0000000053414D501B
:1028B0004C450D0A0000000054494D450D0A00002A
:1028C000514346470D0A00004750534346470D0AFF
:1028D00000000000424154544552590D0A000000C6
:1028E00065726173650D0A00746573740D0A0000EA
:1028F00052533438354441544100000055504C4F38
:102900004144000053414D504C45000054494D4551
:102910000000000051434647000000004750534369
:102920004647000042415454455259006572617354
:1029300065000000746573740000000054696D65E3
:102940003A25733B434F323A252E30663B4C69673C
:1029500068743A252E30663B54656D703A252E31E9
:10296000663B48756D693A252E31663B507265733A
:10297000737572653A252E31663B57696E645370E4
:102980006565643A252E31663B57696E6444697209
:10299000656374696F6E3A252E31663B5261696ECC
:1029A0003A252E31660D0A00C829010800000020D2
:1029B000C401000066810008B82A0108C401002093
:1029C0008C960000A4F30008412D0102030404E0EA
:1029D00009060708090204060812453314041F20DB
:1029E000F3171406202DF3410F2B2D03445383A618
:1029F000D4010181034230011361D1140891D01434
:102A000008E9D91408E1D71B087D041359DC1B0819
:102A1000AF081381D41B089304811AA4AA01141AC5
:102A2000F9241AC9048B29D52C1AA5109AB73C4150
:102A30001AE9101C090220C81D04C03209F9200B34
:102A4000020806500507058102402C0705010739D9
:102A5000E812DD140831DE1B0841041A61041AB9BA
:102A6000041A79941AF918131201320216408304D9
:102A70002057480802010203010A061212012B0422
:102A80000355211B19C6CC12C51B084D081A5B043F
:102A90001A61041A8F041A13044FCB260108780117
:102AA000C81AF7501A41041AAD5C1AF5082AD50461
:082AB000190C1A110881000045
:04000005080071512D
:00000001FF
