:020000040800F2
:107000002098002089710008BBAF0008E5A30008A4
:10701000D9AC0008C5850008E9ED000800000000B3
:1070200000000000000000000000000099C70008F8
:10703000BD9C000800000000EDB500080BC9000869
:10704000A3710008A3710008A3710008A3710008D0
:10705000A3710008A3710008A3710008A3710008C0
:10706000A3710008A3710008A3710008A3710008B0
:10707000A3710008A3710008A3710008A3710008A0
:10708000A3710008A3710008A3710008A371000890
:10709000A3710008A3710008A3710008A371000880
:1070A000A3710008A3710008A3710008A371000870
:1070B0007DC90008A3710008A3710008A37100082E
:1070C000A3710008A3710008A3710008A371000850
:1070D000A371000895CB0008E1CB000881CD000822
:1070E000A3710008A3710008A3710008000000004C
:1070F0000000000000000000000000000000000090
:107100000000000000000000A3710008A371000847
:10711000A3710008A3710008A3710008A3710008FF
:10712000A3710008A3710008A3710008A3710008EF
:10713000A3710008A3710008A3710008A3710008DF
:10714000A3710008A3710008A371000869B00008CA
:10715000DFF810D000F0A0FD004800475D1D0108D9
:10716000AFF3008020980020EFF30980704780F390
:1071700009887047EFF30880704780F308887047EC
:1071800040BA7047C0BA7047064880470648004773
:10719000FEE7FEE7FEE7FEE7FEE7FEE7FEE7FEE7C7
:1071A000FEE7FEE70DC90008517100082DE9F05F08
:1071B0000546002092469B46884606468146402466
:1071C0001BE0284641464746224600F0E2FA534675
:1071D0005A46C01A914110D311461846224600F073
:1071E000C9FA2D1A67EB01084F46224601200021FB
:1071F00000F0C0FA17EB00094E41201EA4F1010473
:10720000DFDC484631462A464346BDE8F09F000091
:1072100038B5D0E90221491E01EB410102EBC10161
:107220004268C1EB011102EB81010268C1EB01115F
:1072300002EB8102D0E9043101EB410103EB810152
:107240003023A1F5527191FBF3F4174D6C4302EB1F
:10725000C41291FBF3F403FB141100921A2902DB10
:10726000124B1A4400920C2291FBF2F3104C634330
:10727000009C04EBC313009391FBF2F302FB131188
:107280000C4A08E0491E40F2A324535C6343009C6F
:1072900004EBC31300930029F4DC0146684600F0B8
:1072A000A1FA009838BD00003F0C0F00805101008A
:1072B00067C203007329010840EA01039B0703D05A
:1072C00009E008C9121F08C0042AFAD203E011F825
:1072D000013B00F8013B521EF9D27047D2B201E0E7
:1072E00000F8012B491EFBD270470022F6E710B5CB
:1072F00013460A4604461946FFF7F0FF204610BD24
:1073000030B505462A460B4612F8010B13F8014B1F
:1073100008B1A042F8D01CB1002802D06D1CF1E7E2
:10732000284630BDCAB2401E10F8011F8A4202D062
:107330000029F9D100207047421C10F8011B0029D8
:10734000FBD1801A704710B5002200E0521C835C0C
:107350008C5CA34201D1002BF8D1D8B2E1B2401A23
:1073600010BD30B504460020034600E05B1C93428C
:1073700003D2E05CCD5C401BF8D030BD70B5064652
:1073800008F04CF9046805460A220021304600F056
:10739000BDFA2C6070BDF0B480EA0102D40F420047
:1073A000B2EB410F02D20246084611464A0042D0D3
:1073B000C30DDDB2C1F3C752AD1A202D35DAC1F3CA
:1073C000160141F4000204B15242C5F1200602FA4E
:1073D00006F12A411044B3EBD05F23D0C4B1012D94
:1073E000A0EBC35009DCF0BC4FF0004202EAC352EC
:1073F000DBB200F5000000F0CABA400000F1807076
:1074000000EBC350A0F1807040EAD170490009E060
:10741000490841EAC071A0EBC35000F500004008E4
:1074200000EBC350F0BC00F0A9BA6142012202EBAC
:107430004101001BF6E7F0BC704781F00041AAE76C
:1074400080F00040A7E780EA010210B502F0004397
:10745000400022D04A001FD0010E01EB1261C0F3A0
:107460005600C2F3560240F4000042F40002A0FBB2
:10747000022000047F39140400D0401C50EA12405E
:1074800001D44000491EC2B20C0604EBD010401CCF
:107490004008802A02D003E0002010BD20F0010047
:1074A000002900DA0020184310BD30B480EA010240
:1074B00002F0004530F0004221F0004013D090B1BE
:1074C000C30DD40DC2F31601C0F31600E41A41F443
:1074D000000140F400027D34914201D3641C00E0BD
:1074E0004900002C02DA30BC002070474FF4000045
:1074F0000023914201D3891A034340084FEA410116
:10750000F7D151B1914202D14FF0004105E002D2D2
:107510004FF0010101E06FF0010103EBC45028447A
:1075200030BC00F02BBA2DE9FE4F804681EA030003
:10753000C00F0C46009021F0004123F00045B8EB4D
:107540000200A94105D24046214690461C460B4602
:10755000024623F00040104347D0270DC7F30A002E
:10756000C3F30A510290401A019040286BDAC3F32A
:10757000130040F4801B0098924620B10023D2EB08
:10758000030A63EB0B0B01985946C0F140025046C9
:1075900000F0F0F806460D4650465946019A00F0B4
:1075A00008F910EB08006141002487EA115284EACF
:1075B000E7731A4340D0009A62B3019A012A4FEA56
:1075C000075215DC001B61EB02014FF0004202EA9A
:1075D0000752CDE90042001C41F5801132462B468E
:1075E00000F012FA03B0BDE8F08F40462146F9E7FB
:1075F000001B61EB0201001C41F5801300185B4188
:107600002018A2F5001747EB030140EAD570B61920
:107610006D4111E06D084FEA360645EAC0754FEA44
:107620000752001B61EB0201001C41F58011490863
:107630004FEA30000019514132462B4603B0BDE8F5
:10764000F04F00F0D2B90098012240000023D0EBA7
:10765000020263EBE073009821464FEAE074B8EB56
:10766000000061EB0401E9E783F000435BE781F090
:10767000004158E7C10F80EAE0700844CA0796232A
:10768000002100F084B996230022114600F07FB952
:1076900000F0004230F000400AD0C10D01F56071E9
:1076A000C0F3160042EA0151C20840071143704777
:1076B000002001467047000030B5041E71F100043F
:1076C00004DB4FF00044404264EB0101141E73F1EF
:1076D000000405DB1C464FF00043524263EB0403F9
:1076E000994208BF904230BD01F0004330B421F010
:1076F000004150EA010206D00A0DA2F56072C1F302
:107700001301002A02DC30BC00207047440F44EA19
:10771000C104C100E01830BC00EBC25000F02EB92B
:10772000002801DBC0F10040002901DBC1F100416C
:1077300081427047002801DBC0F10040002901DBD5
:10774000C1F100418842704730B50B460146002028
:107750002022012409E021FA02F59D4205D303FA13
:1077600002F5491B04FA02F52844151EA2F1010294
:10777000F1DC30BD202A04DB203A00FA02F10020BF
:1077800070479140C2F1200320FA03F3194390405F
:107790007047202A04DB203A21FA02F000217047CA
:1077A00021FA02F3D040C2F1200291400843194669
:1077B0007047202A06DBCB17203A41FA02F043EA51
:1077C000E07306E041FA02F3D040C2F1200291409A
:1077D0000843194670470000014900F003B8000053
:1077E000F087002010B500683C22B0FBF2F302FBEA
:1077F0001303B0FBF2F00B60B0FBF2F302FB1303D8
:10780000B0FBF2F018224B60B0FBF2F302FB130363
:10781000B0FBF2F0021D8B600723B2FBF3F403FB15
:107820001422800040F2B55300F66C308A61B0FB40
:10783000F3F2B0FBF3F403FB1400443280084A6116
:10784000C8613B2802D3920700D0401C0022074C9D
:1078500013460A61E25C824203D8801A5B1C0B610A
:10786000F8E7401CC860084610BD00007F290108E9
:107870000FB4002300B589B00CA900910B996FF0EB
:107880000042CB601E4B06931E4B07930423CDE9A9
:1078900001321D4A089202466B46002000F0B0FA01
:1078A00009B05DF814FB70B586B006464FF0FF30A6
:1078B0000091CDE90101002015460C4604903246A6
:1078C000694604A8FFF7D4FF02460498211825B1A1
:1078D00008B1084600E020462860049800280DD032
:1078E000002A02DD0098884208D0081B0094CDE9E8
:1078F00001043246694604A8FFF7BAFF06B070BD1E
:107900003980000857800008C57C00082DE9F04741
:1079100091460F4680460446002614F8015B2DB1BF
:1079200000F0CCF90068405DC007F6D12B2D02D0E5
:107930002D2D18D0641E4A463946204600F09CFB87
:1079400027B13968A14201D1C7F8008071054FF015
:1079500002040BD54042002803DD07F05FFE0460FF
:10796000A007BDE8F08746F48066E4E70028F8DA6F
:1079700007F054FE04606FF00040F2E70029A8BF52
:107980007047401C490008BF20F00100704710B448
:10799000B0FA80FC00FA0CF050EA010404BF10BCFD
:1079A000704749B1CCF1200421FA04F411FA0CF12A
:1079B00018BF012121430843A3EB0C01CB1D4FEA63
:1079C00000614FEA102042BF002010BC704700EB5E
:1079D000C35010440029A4BF10BC7047401C49008C
:1079E00008BF20F0010010BC704710B5141E73F1E1
:1079F000000408DA401C41F1000192185B411A436F
:107A000001D120F0010010BD2DE9F04D92469B46BA
:107A100011B1B1FA81F202E0B0FA80F22032904660
:107A2000FFF7A8FE04460F4640EA0A0041EA0B01B0
:107A300053465A46084313D0114653EA010019D061
:107A4000C8F140025046FFF7A4FE05460E465046D8
:107A500059464246FFF78EFE084305D0012004E058
:107A600020463946BDE8F08D0020054346EAE07621
:107A70002C4337430A986305E40AA0EB0800002270
:107A8000FD0A44EA47540A3002D500200146E9E7DE
:107A9000010510196941DDE9084500196941BDE892
:107AA000F04DA2E72DE9FE4F81EA030404F0004403
:107AB00021F0004100944FF0000B23F0004350EA06
:107AC00001045ED052EA03045BD0C3F30A54C1F34D
:107AD0000A552C44A4F2F3340194A0FB0254C1F3E0
:107AE000130141F48011C3F3130343F4801301FB2A
:107AF000024400FB034E840A970A44EA815447EA91
:107B00008357A4FB076802958D0A05FB07854FEA9A
:107B1000932C04FB0C542705029D4FEA065847EAB4
:107B20001637B5EB08056EEB070C870E920E47EA89
:107B3000811742EA8312A7FB0201B6EB0B0164EB4B
:107B400000042B0D43EA0C335E1844EB1C50DA465C
:107B50005146E7FB0201C5F313044FEA0B3343EA36
:107B600014534FEA0432019C43EA0603A4F10C04C7
:107B70000294009CCDE900B4FFF746FF03B0BDE8D6
:107B8000F08F00200146F9E72DE9F04D81EA03046A
:107B900004F0004B21F0004514464FF0000A23F09A
:107BA000004150EA050220D054EA01021DD0C5F37D
:107BB0000A570246C5F31303C1F31300C1F30A5673
:107BC00040F4801543F48013A7EB0608101BD6463B
:107BD00008F2FD3873EB050002D308F1010801E05B
:107BE00092185B41B8F1000F03DA00200146BDE8AE
:107BF000F08D00204FF48011064684460EE0171BDE
:107C000073EB050705D3121B63EB050306434CEA30
:107C1000010C49084FEA300092185B4150EA010715
:107C2000EDD152EA030012D082EA040083EA050192
:107C3000084305D0101BAB4106D20122002306E009
:107C400000224FF0004302E06FF0010253101AEBE4
:107C500006004CEB085110EB0A0041EB0B01BDE8AC
:107C6000F04DFFF7C2BEC1F30A52C1F3130140F257
:107C7000FF3341F480119A4202DA00200146704736
:107C800040F233439A42A2F2334202DC5242FFF7FF
:107C900080BDFFF76FBD0000064C074D06E0E068B1
:107CA00040F0010394E8070098471034AC42F6D343
:107CB000FFF752FA2C2C01084C2C010800487047A1
:107CC0000C2A010810B50446FFF7F8FF0068005DB4
:107CD00000F0010010BD00002DE9FF4F087883B0CF
:107CE0009946FF2805D0491C2D2804D000240020E7
:107CF00008E000200BE00124F9E700EB800003EB33
:107D00004000491C0B78FF2BF7D104B140420023FF
:107D10000293147819461D462D2C01D02B2C04D12A
:107D2000521C2D2C13D000240294AA461478FF2C48
:107D30000FD00A25A3FB057801FB05814FF0000C4D
:107D400003FB0C11521CE3194AEB0101EEE701247D
:107D5000EAE7814453EA010002D019F5C87F06DA48
:107D600003980021C0E9001107B0BDE8F08F00259D
:107D7000AE4E2F46DFF8B882184600F0DAF9CDE9AA
:107D80000001B9F1000002DAC9F1000400E0044684
:107D90000023A74A1AEB030B42EB045A12E0E00758
:107DA00007D02A46334638464146FFF77BFE074652
:107DB00088462A46334610461946FFF773FE0546A5
:107DC0000E466410002CEAD1DDE90001B9F1000F84
:107DD0005A46534606DAFFF7D7FE3A464346FFF7C0
:107DE000D3FE05E0FFF75EFE3A464346FFF75AFE34
:107DF000029A0AB181F00041039AC2E90001B3E797
:107E00002DE9FF4F1F468DB0D7E901464FF0FF38EF
:107E10002E2045464FF000090B90B9696D1C0E9855
:107E20008847396A824688470028F6D1BAF1FF3F71
:107E30000AD024F4D064002E11DDBAF12B0F08D043
:107E4000BAF12D0F0BD102E0404611B08DE744F49A
:107E50008064B9696D1C0E9888478246761E694613
:107E6000600501D52D2000E02B208DF8000001F1E8
:107E7000010B0DF1200809E0B9696D1C0E988847C7
:107E800082460F9844F40074761E0560002E02DDD1
:107E9000BAF1300FF0D00B998A453ED144F08004FE
:107EA00006E00F99681CA9F1010944F40074086008
:107EB000B9696D1C761E0E98884782463028F0D02E
:107EC0002BE00B998A4505D1200603D444F08004A9
:107ED000761E18E0504607F083FC08B30DF113013D
:107EE000761E44F400748B4508D2AAF130000BF8DA
:107EF000010B200607D5A9F1010003E0200602D4FA
:107F000009F101008146A00502D50F99681C08609F
:107F1000B9696D1C0E9888478246002ED1DC53E06B
:107F2000002E51DDBAF1650F02D0BAF1450F4BD1E9
:107F3000A00549D5B9696D1C24F44074761E0E98CD
:107F400088478246002E0CDD2B2804D0BAF12D0F75
:107F500007D144F48074B9696D1C0E988847824635
:107F6000761EE00501D52D2100E02B2108F8011B2C
:107F7000CDF82C8021E00DF12901761E44F4007427
:107F800088450CD2AAF1300010F0FF0088F80000FC
:107F900002D10B99884509D908F1010806E0E005EE
:107FA00001D5244801E042F20F708146B9696D1C89
:107FB0000E98884782460F980560002E04DD5046D3
:107FC00007F00EFC0028D6D1F9690E988847FF20EB
:107FD0008BF8000088F800000020069007904B46C0
:107FE0006A4608A906A8FFF777FEA00502D46FF03D
:107FF00001002AE714F0240F0AD0E00714D1DDE9CC
:1080000006123868031D3B600068C0E900120BE0EF
:10801000DDE90601FFF768FB0146E00704D1386897
:10802000021D3A600068016028460EE70000144017
:108030000000F03FF1D8FFFF426842B1016811F83B
:10804000013B23B1521EC0E90012184670470121BE
:10805000C160881E704742685AB1C368016843B95D
:1080600083688B4205D0491E521CC0E900120020D3
:1080700070474FF0FF3070472DE9F05F824600787F
:10808000002715468B460AF10104B946302801D075
:108090009DB113E014F8010B0127782803D058286C
:1080A00001D045B10AE00DB1102D07D100271025F0
:1080B00014F8010B02E0082500E00A250026B0466E
:1080C0000EE005FB080005FB06F1012701EB104659
:1080D0001FFA80F8B6F5803F00D3B94614F8010BBB
:1080E000294600F018F80028EBDABBF1000F05D0A4
:1080F0000FB1641E00E05446CBF80040B9F1000F08
:1081000006D007F08BFA02210160C81EBDE8F09F7F
:1081100048EA0640FAE73A2800D2303820F0200238
:10812000412A01D3A2F13700884201D34FF0FF303A
:1081300070470EB540F2334202920022CDE9002290
:108140001346FFF761FC03B000BD70B58C1810F842
:10815000015B15F0070301D110F8013B2A1106D18C
:1081600010F8012B03E010F8016B01F8016B5B1EA6
:10817000F9D12B0705D40023521E0DD401F8013B81
:10818000FAE710F8013BCB1A921C03E013F8015BED
:1081900001F8015B521EF9D5A142D8D3002070BD71
:1081A00010B502F003F802F04BFF642001F0A1FDCE
:1081B00010BD000010B502F04DFF322001F099FD16
:1081C00002F006F8322001F094FD1A4800F0A6FCF7
:1081D00018480078192802DB164803F073FC16488B
:1081E00000F0E8FF00F082FA00F046FB1349144863
:1081F00000F08EFA02F080FA0F48FFF79DF814287D
:1082000005D10D4B0F4A10490A4800F0E1F90D4A1B
:108210000D49084802F0BEFA10220C49500102F044
:10822000B2FB1022094910314FF4087002F0ABFB89
:1082300010BD000071000020B82000205820002050
:108240003820002018200020F81F0020CD2000201A
:1082500021B1826842F00102826003E0826822F06C
:10826000010282607047014600208A6802F0040221
:108270000AB1012000E0002070470146C86C80B2BE
:1082800070470246002013680B400BB1012000E04C
:1082900000207047014600208A6802F008020AB1F7
:1082A000012000E00020704730B502460020002386
:1082B00050680F4C20400D790C6844EA0524204397
:1082C000506090680B4C2040D1E902542C434D790A
:1082D00044EA450420439060D06A20F470000C7C8E
:1082E000641EE4B2234340EA0350D06230BD000074
:1082F000FFFEF0FFFDF7F1FFF0B504460D4600204C
:108300000021092D11DDE068A5F10A0606EB4607FC
:10831000072606FA07F18843A5F10A0606EB46068A
:1083200003FA06F10843E0600CE0206905EB45071D
:10833000072606FA07F1884305EB450603FA06F11E
:1083400008432061072A0FDA606B561E06EB86078A
:108350001F2606FA07F18843561E06EB860605FA25
:1083600006F10843606322E00D2A0FDA206BD61F66
:1083700006EB86071F2606FA07F18843D61F06EB91
:10838000860605FA06F10843206310E0E06AA2F1D0
:108390000D0606EB86071F2606FA07F18843A2F1B1
:1083A0000D0606EB860605FA06F10843E062F0BD0D
:1083B000816841F008018160704721B1826842F410
:1083C000A002826003E0826822F4A002826070470B
:1083D000816841F0040181607047000010B50121FF
:1083E0000648FFF7EAFF00BF02210448FFF749FFF4
:1083F0000028F9D00148FFF740FF10BD00240140DC
:1084000000B587B00121480203F076F9012104206C
:1084100003F072F9002003F033F900208DF81B00FF
:108420008020ADF8180003208DF81A0006A919481D
:1084300001F0A4FD0523012207211748FFF75CFF87
:108440000020019004904FF46020039000208DF8EC
:1084500009008DF8080001208DF8140001A90E48CC
:10846000FFF722FF01210C48FFF7F2FE0A48FFF751
:108470009FFF00BF0848FFF70DFF0128FAD006480C
:10848000FFF7A6FF00BF0448FFF7EDFE0128FAD072
:1084900007B000BD00080140002401402DE9FC4761
:1084A00005460E4617469846DDE90A9A13480078B5
:1084B000012820D100201249087000240FE0114843
:1084C00050F834102846FEF73EFF30B90D4800EB57
:1084D000C40000790A49087003E0601CC4B2122C81
:1084E000EDD300BF43463A4631460548CDE9009AF0
:1084F000007800F009F8BDE8FC8700005800002073
:1085000059000020602801082DE9F04704460D4677
:1085100016461F46DDE908890A2C29D2DFE804F057
:108520001F05090E1316191C2225484602F0E4FF08
:108530001EE03146284602F0A7FE19E041463846C3
:1085400002F0DAFD14E002F0B7FD11E002F030FFB6
:108550000EE002F091FD0BE002F04CFF08E009F0A4
:10856000E9FF05E003F072F802E000F005F800BF53
:1085700000BFBDE8F087000070B502F0BDF803F061
:1085800037F806463046FFF783F8044622460B4686
:1085900003A007F005F809F0CDFF02F0ADF870BDBB
:1085A000426174746572793A252E36660D0A0000B0
:1085B000014601F00F000A1102EB820200EB4200BB
:1085C000C0B2704701A009F0D5F9000042757300F0
:1085D0002DE9F04FDDB080460C4615461E4659A9E0
:1085E000404609F093FA59AA24A154A807F002F8CA
:1085F000402144A8FEF779FE4FF4807104A8FEF7ED
:1086000074FE59AB20A2402144A8009606F0D8FF82
:1086100044A82B4654AA22A1CDE9004004A806F0A4
:10862000E9FF04A8FEF788FE87B2394604A800F0E7
:1086300065FE814644A8FEF77FFE1FFA80FA4FF4DC
:1086400080612448FEF751FE04AB3A4622A121483E
:10865000CDF8009006F0CEFF1E48FEF76DFE834673
:108660005A4621A102A806F0C5FF00F0F3FD194902
:1086700002A800F0C3F95DB0BDE8F08F252E3134BB
:1086800073303030000000004461746154696D65DE
:108690003D25733B49434349443D25730000000099
:1086A000514E3D25733B53543D37343B434E3D3291
:1086B0003038333B50573D25733B4D4E3D25733B82
:1086C000466C61673D383B43503D26262573262680
:1086D00000000000EC0400202323253034642573BF
:1086E000253034580D0A00002564000010B504A0A0
:1086F00006F066FB642001F0FCFA00F01BFE10BDE2
:1087000041542B434950434C4F53453D300D0A00D3
:1087100070B504460D4630A006F052FB4FF4FA70D7
:1087200001F0E7FA30A13348FEF7EAFD324908606C
:108730000EE000F0FFFD28A006F042FB4FF4FA70B7
:1087400001F0D7FA2DA12B48FEF7DAFD2A4908607F
:10875000294800680028ECD02FA006F021FF4FF434
:1087600080713348FEF7C1FD2B46224631A13048C7
:1087700006F040FF2E4806F023FB4FF4FA7001F09C
:10878000B8FA34A11B48FEF7BBFD1B490860002066
:108790003449086015E033480068401C31490860DE
:1087A00031A11448FEF7ACFD13490860C82001F060
:1087B000A0FA2C480068642803DD002029490860DD
:1087C00003E00D4800680028E5D000BF00F0B2FDCE
:1087D00001F092FF70BD000041542B4E45544F50A4
:1087E000454E0D0A000000002B4E45544F50454E9B
:1087F0003A203000DC010020140000204E65747720
:108800006F726B20697320616C7265616479206F8F
:1088100070656E65640000002A2A2A2A544350209D
:1088200020454E41424C452A2A2A2A0D0A000000C2
:10883000EC03002041542B4349504F50454E3D30EE
:108840002C22544350222C222573222C25730D0AEE
:10885000000000002B2B4349504F50454E3A20302A
:108860002C300000180000202B4349504F50454E3B
:108870003A20302C3000000010B501F03DFF37A049
:1088800006F09EFA4FF47A7001F033FA36A13A48B6
:10889000FEF736FD394908600EE000F04BFD2FA0D1
:1088A00006F08EFA4FF47A7001F023FA2EA13248C6
:1088B000FEF726FD31490860304800680028ECD0FA
:1088C0002FA006F06DFE00F035FD33A006F078FA1B
:1088D0004FF4FA7001F00DFA32A12748FEF710FDAF
:1088E000264908600846006820B123490E312FA0B0
:1088F00006F056FE00F01EFD31A006F061FA4FF4BE
:10890000FA6001F0F6F931A11B48FEF7F9FC1B49AA
:1089100008600846006818B92FA11748FEF7F0FC58
:1089200015E000F007FD2FA006F04AFA4FF47A7028
:1089300001F0DFF92EA11048FEF7E2FC0F490860B4
:108940000846006818B924A10B48FEF7D9FC0B486B
:1089500000680028E5D000F0EDFC10BD41542B4329
:1089600050494E3F0D0A00002B4350494E3A2052C9
:108970004541445900000000DC01002014000020A3
:108980002A2A2A2A53494D202052454144592A2A4D
:108990002A2A0D0A0000000041542B4353510D0AAE
:1089A000000000002B4353513A0000002A2A2A2AD3
:1089B0004353513A25732A2A2A2A0D0A000000003F
:1089C00041542B43475245473F0D0A002B43475222
:1089D00045473A20302C31002B43475245473A2037
:1089E000302C350041542B43474154543F0D0A006D
:1089F0002B43474154543A203100000070B50446DF
:108A00000D464FF480713948FEF76FFC224638A1BD
:108A1000364806F0EFFD354806F0D2F94FF4FA700B
:108A200001F067F937A13848FEF76AFC374908605A
:108A300000203749086019E035480068401C344977
:108A4000086030A13048FEF75BFC304908604FF405
:108A50007A7001F04EF92E4800680A2806DD0020E1
:108A60002B49086001202B49087003E02748006863
:108A70000028E1D000BF284606F0A2F94FF4FA70B2
:108A800001F037F924A12048FEF73AFC1F4908609D
:108A900000201F49086019E01D480068401C1C495F
:108AA00008601DA11848FEF72BFC184908604FF418
:108AB0007A7001F01EF9164800680A2806DD0020C9
:108AC0001349086001201349087003E00F4800684B
:108AD0000028E1D000BF00F02DFC0E4800780128EE
:108AE00002D11E2001F011F970BD0000EC0300203E
:108AF00041542B43495053454E443D302C25730D72
:108B00000A0000003E000000DC01002014000020EC
:108B100018000020200000204F4B00002DE9F04FEE
:108B200093B0044601F0E8FDF7A006F049F94FF4D0
:108B3000FA7001F0DEF8F6A1F648FEF7E1FBF6491F
:108B400008600EE000F0F6FBEFA006F039F94FF4F4
:108B5000FA7001F0CEF8EEA1EE48FEF7D1FBEE4937
:108B60000860ED4800680028ECD0ECA006F018FD85
:108B700000F0E0FBEFA006F023F94FF4FA7001F0EB
:108B8000B8F8F0A1E348FEF7BBFBE34908600EE04C
:108B900000F0D0FBE7A006F013F94FF4FA7001F0F3
:108BA000A8F8E8A1DB48FEF7ABFBDB490860DA4830
:108BB00000680028ECD0E6A1D648FEF7A1FBD64914
:108BC000086008460068002824D100F0B3FBE4A048
:108BD00006F0F6F840F6B83001F08BF8CCA1CD489D
:108BE000FEF78EFBCC4908600EE000F0A3FBDCA092
:108BF00006F0E6F84FF4FA7001F07BF8DCA1C54806
:108C0000FEF77EFBC4490860C34800680028ECD02A
:108C100000F090FB01F070FDD7A006F0D1F840F60F
:108C2000B83001F066F8D7A1BA48FEF769FBBA4937
:108C300008600020D54908601FE0D4480068401C47
:108C4000D249086000F076FBCBA006F0B9F840F6F8
:108C5000B83001F04EF8CBA1AE48FEF751FBAE495B
:108C60000860CA480068072802D101F045FD04E009
:108C7000C64800680E2800D103E0A7480068002815
:108C8000DBD000BF00F056FB01F036FDC0A006F0BF
:108C900097F84FF4FA6001F02CF89DA19D48FEF77B
:108CA0002FFB9D4908600EE000F044FBB8A006F0E1
:108CB00087F84FF4FA7001F01CF895A19548FEF77B
:108CC0001FFB95490860944800680028ECD000F02C
:108CD00031FBB3A006F074F84FF4FA7001F009F814
:108CE0008BA18C48FEF70CFB8B4908600EE000F06E
:108CF00021FBABA006F064F84FF4FA7000F0F9FF26
:108D000083A18448FEF7FCFA834908608248006822
:108D10000028ECD000F00EFBA6A006F051F840F6BB
:108D2000B83000F0E6FFA7A17A48FEF7E9FA7A49E1
:108D300008600020954908603BE094480068401CAA
:108D40009249086000F0F6FA9AA006F039F84FF45C
:108D50007A7000F0CEFF9BA16E48FEF7D1FA6E4903
:108D600008608A4800680A2817D0884800681E28CA
:108D700013D08648006832280FD0844800684628FF
:108D80000BD0824800685A2807D0804800686E28B7
:108D900003D07E480068822802D101F0ADFC08E0D3
:108DA0007A480068962804D101F0A6FC13B0BDE80B
:108DB000F08F594800680028BFD001F09DFC0020CA
:108DC0001090119012900D900E900F9000258246F9
:108DD000514800684F49401A821E2C214D4802F02C
:108DE000DBF805463DB16D1C284607F094F80746B0
:108DF000FEF77AFC10904848006800F1020A5046DD
:108E000007F089F80746FEF76FFC0D900025AA468B
:108E100000F090FA67A005F0D3FF4FF47A7000F0ED
:108E200068FF68A13B48FEF76BFA3B4908600020E9
:108E30005649086018E055480068401C53490860CE
:108E400000F078FA5BA005F0BBFF4FF47A7000F0F9
:108E500050FF5CA12F48FEF753FA2F4908604B489A
:108E600000680A2800D1A1E72B4800680028E2D05A
:108E7000294800682749401A821E2C21254802F003
:108E80008BF805463DB16D1C284607F044F80746AF
:108E9000FEF72AFC11902048006800F1020A5046B3
:108EA00007F039F80746FEF71FFC0E900025AA468A
:108EB00000F040FA3FA005F083FF4FF47A7000F015
:108EC00018FF40A11348FEF71BFA13490860002061
:108ED0002E49086078E02D480068401C2B49086046
:108EE00000F028FA33A005F06BFF4FF47A7000F021
:108EF00000FF34A10748FEF703FA0749086023483A
:108F000000680A2860D151E741540D0A00000000B2
:108F10004F4B0000DC010020140000202A2A2A2ADE
:108F2000415420205445535420204F4B2A2A2A2AAA
:108F30000D0A000041542B43474E53535057523FA4
:108F40000D0A00002B43474E53535057523A00002E
:108F50002B43474E53535057523A203100000000E4
:108F600041542B43474E53535057523D310D0A0045
:108F7000524541445921000041542B43414750532D
:108F80000D0A000073756363657373001800002099
:108F900041542B43475053484F540D0A00000000E2
:108FA00041542B43474E5353494E464F3D300D0AD3
:108FB0000000000041542B43474E5353494E464F47
:108FC0000D0A00004E2C000067480068002882D07F
:108FD000654800686549401A821E2C21634801F0EB
:108FE000DBFF05463DB16D1C284606F094FF0746A1
:108FF000FEF77AFB12905C48006800F1020A5046C6
:1090000006F089FF0746FEF76FFB0F9058A1504608
:10901000FEF776F9861C002E51D03046FEF7AEF9E9
:109020008046F01DFEF7AAF983462C2102A8FEF720
:109030005CF9642098FBF0F100FB1180643007902C
:10904000642098FBF0F0642190FBF1F201FB120028
:10905000401E069042F2107098FBF0F0059042F22C
:1090600010709BFBF0F00830049064209BFBF0F044
:1090700090FBF1F201FB1200039064209BFBF0F1E6
:1090800000FB11B0029002A8FEF7C2F8019001A8FF
:10909000FEF7A2FB07461FB936A006F081FA85E667
:1090A000387D64382070387C401C6070387BA0703C
:1090B000387A2071387960713878A07100BF4FF02C
:1090C0000009002712E010A951F827000021FEF73F
:1090D00027FB0AD00DA951F827000021FEF720FB3D
:1090E00003D009F1010000F0FF097F1C032FEADB28
:1090F000B9F1030F2FD1DDE91001FEF74CF90B9008
:109100001299FEF748F922490C90FEF7CEF98346F2
:10911000FEF7BEFA07463A460B461EA11F4806F068
:1091200069FADDE90D01FEF736F90B900F99FEF7AC
:1091300032F917490C90FEF7B8F98346FEF7A8FA02
:1091400007463A460B4613A11448103006F052FA6F
:1091500013A006F025FA0025AA4600F0EBF801F06E
:10916000CBFA00BF22E6000014000020DC01002042
:10917000450000002A2A2A2A5254432055504441CF
:109180005445204552524F522A2A2A2A0D0A0000DD
:1091900000004040252E366600000000CD20002053
:1091A0002A2A2A2A474E5353204745542A2A2A2A34
:1091B0000D0A00002DE9F04107461DA005F000FE54
:1091C0004FF4FA7000F095FD1CA11E48FEF798F8C8
:1091D0001D4908600EE000F0ADF815A005F0F0FDA7
:1091E0004FF4FA7000F085FD14A11648FEF788F8D8
:1091F00015490860144800680028ECD013A11148F4
:10920000FEF77EF8041E00D0641D15213846FEF7D7
:109210006CF83D46002605E014F8010B05F8010B3B
:10922000701CC6B2142EF7DB00F084F8BDE8F081A4
:1092300041542B4349434349440D0A002B494343BE
:1092400049443A00DC010020140000204349443A1C
:109250000000000010B513A005F0B2FD4FF4FA7045
:1092600000F047FD134914A006F09AF914A1114823
:10927000FEF746F8154908600EE000F05BF814A010
:1092800005F09EFD4FF4FA7000F033FD14A109487B
:10929000FEF736F80D4908600C4800680028ECD04D
:1092A00010BD000041542B4349504F50454E3F0DD7
:1092B0000A000000DC01002025730D0A00000000F8
:1092C0002B4349504F50454E3A00000014000020F7
:1092D00041542B4E45544F50454E0D0A000000009E
:1092E0004E6574776F726B20697320616C72656173
:1092F0006479206F70656E656400000070B5034688
:109300000C464FF6FF7100220FE0985C80EA1121B5
:10931000002507E001F00106490816B14AF20100F4
:1093200041406D1C082DF5D3521CA242EDD388B2EA
:1093300070BD000010B5642000F0DBFC0020044983
:10934000C1F804014FF480710148FDF7CEFF10BD54
:10935000DC01002070B506460C4604F08000802831
:1093600008D104F07F0000EB800106F58E7000EB61
:10937000C10507E004F07F0000EB800106F55D7099
:1093800000EBC10504F07F00287004F08000C009E4
:1093900068702946304605F0D1F9002070BD70B5DF
:1093A00006460C4604F08000802808D104F07F00B7
:1093B00000EB800106F58E7000EBC10505E004EBC3
:1093C000840106F55D7000EBC1050020A87004F073
:1093D0007F002870C4F3C01068702946304605F03D
:1093E00085F9002070BD70B505460C4604F080007C
:1093F000802805D104F07F01284605F099FB02E0A2
:10940000284605F06FFB002070BD2DE9F0410646AF
:109410000D4690461F4605F08000802808D105F0D3
:109420007F0000EB800106F58E7000EBC10407E0C1
:1094300005F07F0000EB800106F55D7000EBC104D4
:1094400005F07F00207005F08000C0096070C4F84E
:109450000880E770607808B12078E080022F01D1A1
:10946000002020712146304605F0F4F80020BDE8C8
:10947000F0812DE9F04105460E461746984606F064
:109480007F0000EB800105F55D7000EBC104E76033
:10949000C4F814800020A061607006F07F00207086
:1094A000E878012800D12761207820B92146284694
:1094B00004F0F4FF03E02146284605F0A0F900205F
:1094C000BDE8F08108B500220092009A61F30A120B
:1094D000009202691268009B1A4303691A6008BD72
:1094E00070B506460C4604F08000802808D104F0D0
:1094F0007F0000EB800106F58E7000EBC10505E0F2
:1095000004EB840106F55D7000EBC1050120A87035
:1095100004F07F002870C4F3C010687029463046FC
:1095200005F03BF9002070BD2DE9F04107460D46DE
:109530001646984605F07F0000EB800107F58E7017
:1095400000EBC1040120607005F07F002070E66030
:1095500026610020A061C4F81480207820B921463B
:10956000384604F09BFF03E02146384605F047F9F2
:109570000020BDE8F0811CB50446204604F059FFE8
:10958000E068C0680090204605F0FCFA03280BD183
:109590000020A0704FF40070A080009820F470505C
:1095A00000F51050009009E00120A0704020A0803C
:1095B000009820F4705000F5A05000900098E168E9
:1095C000C86000200190019820F4005000F5005080
:1095D00001900198E168486101201CBDF8B505467D
:1095E000002400200090284605F00BFB064690E082
:1095F00006F0010000287DD0E1B2284600F002FB11
:109600000090009800F0010030B3012000FA04F748
:109610002869406BB843296948630020009000988E
:1096200020F00100401C009005F1180050F82400C3
:1096300000998160E1B23948006842682846904745
:10964000E878012808D13CB940F21110405D0428A7
:1096500002D1284604F0CDFF0098C0F3C00060B1ED
:1096600000200090009820F008000830009005F1DC
:10967000180050F82400009981600098C0F3001091
:1096800060B100200090009820F010001030009091
:1096900005F1180050F82400009981600098C0F38B
:1096A000801060B100200090009820F04000403011
:1096B000009005F1180050F824000099816000988E
:1096C000C0F3400060B100200090009820F002003C
:1096D000801C009005F1180050F82400009981606A
:1096E0000098C0F3C01028B12146284600F09EFA29
:1096F000002000E00BE00090009820F08000803017
:10970000009005F1180050F8240000998160641C55
:109710007608002E7FF46CAF0120F8BDE800002031
:109720007CB50446002500200190204605F071FA22
:1097300006466FE006F00100002869D0E9B2204635
:1097400005F06FFA0190019800F00100C8B3002005
:109750000190019820F00100401C019004F1540098
:1097600050F8250001998160E078012817D104F1B3
:10977000540050F825000069009005EB850104F5C0
:109780005D7000EBC10080680099C1F31201411ABD
:1097900005EB850204F55D7000EBC2008161E9B262
:1097A0001E480068026820469047E078012808D1EA
:1097B0003DB940F21110005D052802D1204604F0A9
:1097C00018FF0198C0F3400060B10020019001989B
:1097D00020F00200801C019004F1540050F8250094
:1097E000019981600198C0F3C00088B10B480068FE
:1097F00081682046884700200190019820F00800E9
:109800000830019004F1540050F82500019981605E
:109810006D1C7608002E8DD101207CBDE800002053
:109820003EB50446A07A70B1D4F80C0100900098BF
:1098300020F002000090009820F0010000900099B4
:10984000D4F80C01016000200190019820F0010083
:10985000401C019020694068019988432169486053
:1098600008480068816920468847002002900298D5
:1098700020F0004000F1004002900298E168486149
:1098800001203EBDE80000207CB504460020019088
:10989000019820F0100010300190E0688069019973
:1098A0008843E1688861E068006A0090009800F0F1
:1098B0000F0000EB800104F55D7000EBC10500981E
:1098C000C0F3434007282DD2DFE800F02C04051D2B
:1098D0001E2C1F0027E00098C0F30A1090B10098DA
:1098E000C0F30A122046E96805F0A5F9E868009976
:1098F000C1F30A110844E860A8690099C1F30A118C
:109900000844A8610FE00EE00DE0082204F2CC51FB
:10991000204605F090F9A8690099C1F30A1108449E
:10992000A86100E000BF00BFE068806901990843BA
:10993000E168886101207CBD38B5044608480068AC
:10994000C1682046884700200090009820F0080059
:10995000083000900098E1684861012038BD00009F
:10996000E80000201FB50446002000904FF48970E5
:10997000005D0090234800684169204688472069BF
:109980008068019000200390039820F4006000F5A7
:10999000006003900398E1684861A07A70B3019871
:1099A00000F0010050B340F21510005D012825D1F0
:1099B0009DF80000032821D100200290029820F099
:1099C0000100401C0290D4F80C0100680299084381
:1099D000D4F80C110860029820F00200801C02905C
:1099E000D4F80C01006802990843D4F80C110860FF
:1099F0000548006840F0060003490860012004B0F3
:109A000010BD0000E800002010ED00E030B587B088
:109A10000446002002900690059004900390019067
:109A2000029820F00100401C0290206940680299D1
:109A30008843216948600021204605F079F8002517
:109A40000BE0FF2104F1180050F82500816004F1BB
:109A5000540050F8250081606D1C6078A842F0D851
:109A60004FF0FF312069816106986FF30F00401CB1
:109A70000690069880B200F580300690069920691D
:109A8000C161059820F0080008300590059820F085
:109A90000100401C0590059820F00200801C0590F4
:109AA000059920694161049820F00100401C049050
:109AB000049820F0080008300490049820F0020078
:109AC000801C04900499206901612069006803905A
:109AD000039820F4FE6003900399206901602046FA
:109AE00004F087FD00200190019820F4805000F5DB
:109AF000805001900198E16848610448006801695C
:109B000020468847012007B030BD0000E800002053
:109B10002DE9F04106460F463946304605F0A0F8DB
:109B200001214FF4897081550021801C8155002549
:109B300011E005EB850106F58E7000EBC1040120F4
:109B400060702570E5800020E0704020A06000205B
:109B5000E06060616D1C7078A842EAD8002510E0D2
:109B600005EB850106F55D7000EBC1040020607017
:109B70002570E580E0704020A0600020E06060611A
:109B80006D1C7078A842EBD8304604F041FC30469A
:109B900004F06EFA0021304605F0CAF8304604F0B1
:109BA000FAFA304604F08DFFBDE8F08138B504467E
:109BB0000020009007480068C16920468847009847
:109BC00020F4801000F5801000900098E168486152
:109BD000012038BDE800002038B504460020009080
:109BE00007480068016A20468847009820F4001062
:109BF00000F5001000900098E1684861012038BD30
:109C0000E800002030B5024615692B6915696C6BB8
:109C100024FA01F505F0010543EAC51302F1180520
:109C200055F82150AD6805EA030030BD2DE9F84331
:109C300007460E4600250020009006EB860107F53A
:109C40008E7000EBC104D4E90501451AA068A84252
:109C500000D2A568E81C4FEA900807F1180050F8F8
:109C60002600806900901BE0D4E90501451AA06830
:109C7000A84200D2A568E81C4FEA9008ABB2F2B245
:109C80003846E16805F07BF8E0682844E060A069A8
:109C90002844A06107F1180050F826008069009060
:109CA000009880B2404506D9D4E90510884202D216
:109CB00060690028D8D10120BDE8F88370470146CB
:109CC0000A2091FBF0F200FB12100A2291FBF2F243
:109CD00040EA0210C0B2704701460A2091FBF0F240
:109CE00000FB12100A2291FBF2F240EA0210C0B20D
:109CF000704700B5034603E04FF47A7000F011F8A6
:109D0000181EA3F10103F7D100BD10B5044603E00E
:109D10004FF47A70FFF7EDFF201EA4F10104F7D194
:109D200010BD00EBC001C9004FF0E02251610021DD
:109D300091610521116100BF4FF0E021096901F433
:109D400080310029F8D004214FF0E02211617047E2
:109D5000F8B506460D4614466378227806A12846D3
:109D600005F048FCA078009063782A4606A13046AA
:109D700005F040FCF8BD0000303A2F253032645F1A
:109D8000253032640000000025732F253032645FD7
:109D9000253032642E747874000000007CB501AA6E
:109DA000694608A006F085FD05460DB101207CBD81
:109DB00001984089009900FB01F40CB10020F6E7FE
:109DC0000120F4E7303A00002DE9F04FC9B0824697
:109DD0008B46144659463EA807F0F4FB8146B9F17C
:109DE000000F0ED0FFF7DAFF012802D149B0BDE81D
:109DF000F08F584606F0AFFE8146B9F1000F00D053
:109E0000F4E73EA806F049FDFFF7C8FF012800D19E
:109E1000ECE713225146404807F0D2FA8146B9F1E7
:109E2000000F73D100203C903D9080211CA8FDF7CD
:109E30005CFA2379A27839A13CA805F0DBFB3A490A
:109E4000D1F82B00FDF724FC05460E463649C869BB
:109E5000FDF71EFC074688463349D1F81200FDF78E
:109E600017FCCDE91A013049D1F82100FDF710FCAB
:109E7000CDE918012C49D1F80D00FDF709FCCDE919
:109E8000160129498868FDF703FCCDE9140126492C
:109E9000D1F81700FDF7FCFBCDE912012249D1F8FA
:109EA0002600FDF7F5FBCDE90C78CDE90E56CDE99E
:109EB0001001DDE91A01CDE90A01DDE91801CDE95A
:109EC0000801DDE91601CDE90601DDE91401CDE95E
:109ED0000401DDE91201CDE90201DDE910013CAA2E
:109EE000CDE9000111491CA805F084FB0A48C168AE
:109EF00006F061FD1CA8FDF71FFA05460C4B2A462B
:109F00001CA9054807F0E5FB814600BF024806F0A2
:109F1000B3FC00BF6AE70000183700202530326428
:109F20005F25303264000000EC0E0020C02B0108D9
:109F30009000002008B50121082001F0DDFB4FF45E
:109F40008070ADF8000003208DF8020014208DF819
:109F500003006946084800F011F84FF40070ADF8AE
:109F6000000003208DF8020014208DF803006946DC
:109F7000014800F003F808BD000C01402DE9F04154
:109F8000024600250026002000230024002791F827
:109F900003C00CF00F0591F803C00CF0100CBCF1DD
:109FA000000F03D091F802C04CEA050591F800C0FB
:109FB000BCF1000F31D0146800202BE04FF0010CF1
:109FC0000CFA00F3B1F800C00CEA03069E4220D15F
:109FD00083004FF00F0C0CFA03F7BC4305FA03FCA7
:109FE0004CEA040491F803C0BCF1280F06D14FF0ED
:109FF000010C0CFA00FCC2F814C00AE091F803C08E
:10A00000BCF1480F05D14FF0010C0CFA00FCC2F86E
:10A0100010C0401C0828D1D31460B1F800C0BCF1B6
:10A02000FF0F34DD546800202EE000F1080C4FF0E3
:10A03000010808FA0CF3B1F800C00CEA03069E42CE
:10A0400021D183004FF00F0C0CFA03F7BC4305FA43
:10A0500003FC4CEA040491F803C0BCF1280F05D1BD
:10A0600000F1080C08FA0CF8C2F8148091F803C04B
:10A07000BCF1480F07D100F1080C4FF0010808FAB5
:10A080000CF8C2F81080401C0828CED35460BDE8FC
:10A09000F0810000F0B50A460023002400210025CD
:10A0A00000F00046B6F1004F02D11D4EF16901E00B
:10A0B0001B4E7168C0F3034583B200F44016B6F539
:10A0C000401F08D121F07061154E766826F0706649
:10A0D000134F7E6012E000F48016B6F5801F06D1A3
:10A0E000032606FA05F4A14341F0706106E0460D2F
:10A0F000360103FA06F6B14341F0706122B1460D14
:10A10000360103FA06F6314300F00046B6F1004F7F
:10A1100002D1034EF16101E0014E7160F0BD00001B
:10A12000000001400246002093680B400BB1012063
:10A1300000E00020704741617047016170470AB13B
:10A14000016100E04161704708B50121042001F080
:10A15000D3FA0121102001F0CFFA10208DF803006E
:10A16000C002ADF8000003208DF8020069460D48DA
:10A17000FFF704FF4FF400410A48FFF7DCFF10200F
:10A180008DF803008001ADF8000003208DF8020077
:10A1900069460548FFF7F2FE4FF480610248FFF779
:10A1A000CAFF08BD000801400010014010B54FF47F
:10A1B00080610648FFF7C1FF40F6B830FFF799FD10
:10A1C0004FF480610148FFF7B6FF10BD0010014059
:10A1D00010B54FF480610648FFF7AFFF6420FFF72A
:10A1E00088FD4FF480610248FFF7A5FF10BD000015
:10A1F000001001402DE9F04FADF5397D0446894648
:10A200009246DDF808B3B4A9204607F07FFCB4AA53
:10A2100056A1AFA805F0EEF94FF400712FA8FDF795
:10A2200064F8D4F82B00FDF733FA05460E46D4F84F
:10A230001700FDF72DFA07468846D4F82600FDF7EB
:10A2400027FACDE92A01D4F82100FDF721FACDE95A
:10A250002801E069FDF71CFACDE92601D4F81200C7
:10A26000FDF716FACDE92401D4F80D00FDF710FA38
:10A27000CDE92201A068FDF70BFACDE920012F20DE
:10A28000005DCDE91C561E90E07ECDE918781A904D
:10A290002A20005D1690DDE92A01CDE91401252070
:10A2A000005D1290DDE92801CDE910012020005D5C
:10A2B0000E90DDE92601CDE90C01A07D0A90DDE9D3
:10A2C0002401CDE90801607C0690DDE92201CDE999
:10A2D0000401207B0290DDE92001B4AACDE9000150
:10A2E00025492FA805F086F92FA80521CDE901A958
:10A2F000CDE9031040F2DB701623AFAA1FA1009036
:10A300002E4805F077F92D48FDF716F885B2294655
:10A310002A48FEF7F3FF2E902FA8FDF70DF880B224
:10A320002D902648FDF708F80A3080B22C902C9822
:10A33000584508DD22A005F033F94FF0FF300DF548
:10A34000397DBDE8F08F4FF480612148FCF7CDFFE7
:10A350001A48FCF7F1FF05462E98184B2A461DA116
:10A3600000901B4805F046F90020E8E7252E31341F
:10A370007330303000000000102A0108514E3D2596
:10A38000733B53543D25643B434E3D25643B50573E
:10A390003D25733B4D4E3D25733B466C61673D2526
:10A3A000643B504E554D3D313B504E4F3D313B434C
:10A3B000503D26262573262600000000EC080020CC
:10A3C000BBBAB3E5C7F8B2BBD7E30D0A0000000083
:10A3D000EC040020232325303464257325303458C1
:10A3E0000D0A000001A007F0C5FA00004861726480
:10A3F0000000000070B504462046FDF749F9054607
:10A4000000220A4BFDF758F903D8002008490870CC
:10A410000BE008492046FDF78DF903D801200449D7
:10A42000087002E002200249087070BD000025405B
:10A43000650000200000204110B54FF480700C49E9
:10A44000086000F02FF94FF400700949086000F02F
:10A4500029F94FF480700649091F086000F022F9BD
:10A460004FF480700249086000F01CF910BD000034
:10A47000140C014010B54FF480700C49086000F0D6
:10A4800011F94FF400700949091F086000F00AF93A
:10A490004FF480700549091F086000F003F94FF47C
:10A4A00080700249086000F0FDF810BD140C0140F6
:10A4B00070B508250024A8011249086016E060065E
:10A4C000040E4FF480700F49091D086000F0EAF88F
:10A4D0004FF480700B49086000F0E4F80948083830
:10A4E000006800F4007008B144F00104281EA5F1D2
:10A4F0000101CDB2E3D14FF480700249091D08601B
:10A50000204670BD100C014070B5044608251DE0C2
:10A510004FF480701249086000F0C4F804F0800025
:10A5200028B14FF400700E49091F086003E04FF492
:10A5300000700B4908606006040E00F0B3F84FF499
:10A5400080700749091F086000F0ACF8281EA5F1CB
:10A550000101CDB2DCD14FF480700149086070BDBB
:10A56000140C014010B54FF400701149086000F060
:10A5700099F84FF480700E49086000F093F80C4889
:10A580000838006800F4007008B9002010BD4FF4CE
:10A5900000700749091D086000F084F84FF48070CE
:10A5A0000349091D086000F07DF80120EEE7000076
:10A5B000100C014010B54FF480700C49086000F099
:10A5C00071F84FF400700949086000F06BF84FF41F
:10A5D00080700649091F086000F064F84FF40070AD
:10A5E0000249091F086000F05DF810BD140C01401D
:10A5F00010B54FF480701249086000F053F84FF422
:10A6000000700F49091F086000F04CF84FF480708B
:10A610000B49091F086000F045F809480C3800682C
:10A6200000F4007028B14FF48070054908600020E4
:10A6300010BD4FF48070024908600120F8E7000067
:10A64000140C01402DE9F04104460E4617461D4604
:10A65000642C01D104F073FFFFF784FF2046FFF75D
:10A6600053FFFFF7C5FF20B9FFF7A4FF0020BDE8A7
:10A67000F0813046FFF748FFFFF7BAFF05E015F815
:10A68000010BFFF741FFFFF7D7FE381EA7F10101CD
:10A69000CFB2F4DCFFF78EFF642C01D104F02CFF65
:10A6A0000120E4E76C2001E0411EC8B20028FBD184
:10A6B000704710B51420FFF734FB10BD10B5FFF73D
:10A6C00039FC10BD4CF6CC400149086070470000D1
:10A6D0000030004010B545F2555000F021F806203A
:10A6E00000F012F840F6FF7000F014F800F004F8E3
:10A6F000FFF7E8FF10BD00004AF6AA2001490860F4
:10A700007047000000300040014948607047000079
:10A710000030004001498860704700000030004070
:10A7200001490860704700000030004008B5012171
:10A73000102000F0E1FF10208DF803004001ADF87B
:10A74000000003208DF8020069460448FFF716FC5C
:10A750004FF400710148FFF7F0FC08BD0010014004
:10A7600008B50121082000F0C7FF10208DF8030074
:10A770000002ADF8000003208DF80200694604488D
:10A78000FFF7FCFB4FF480510148FFF7D6FC08BDF2
:10A79000000C01402DE9F047DEB007460C46154697
:10A7A0005AA9384607F0B2F95AAA27A155A804F0C9
:10A7B00021FF402145A8FCF798FD4FF4807105A8C2
:10A7C000FCF793FD234901F110005AAB22A2CDE919
:10A7D0000001402145A804F0F3FE45A808212B46BE
:10A7E00055AACDE90041029024A105A804F002FF7A
:10A7F00005A8FCF7A1FD86B2314605A8FEF77EFD4F
:10A80000804645A8FCF798FD1FFA80F94FF4806157
:10A810002748FCF76AFD05AB324626A12448CDF84F
:10A82000008004F0E7FE2248FCF786FD824652468F
:10A8300024A103A804F0DEFE1D4903A8FEF7DEF8FC
:10A840005EB0BDE8F0870000252E31347330303023
:10A8500000000000CD2000204461746154696D65E2
:10A860003D25733B4C6E673D25732C4C61743D2533
:10A87000733B53423152533D31000000514E3D2550
:10A88000733B53543D37333B434E3D333034313BC0
:10A8900050573D25733B4D4E3D25733B466C6167DC
:10A8A0003D25643B43503D262625732626000000A7
:10A8B000EC040020232325303464257325303458DC
:10A8C0000D0A00002564000008B50121102000F0E9
:10A8D00013FF14208DF803004FF4C070ADF8000092
:10A8E00003208DF8020069460448FFF747FB4FF448
:10A8F000C0710248FFF721FC08BD000000100140B4
:10A900002DE9F04105460F46164600F076FAA020E4
:10A9100000F051FA00F012FA281200F04CFA00F0A0
:10A920000DFAE8B200F047FA00F008FA012804D165
:10A9300000F077FA0120BDE8F08100F05EFAA12076
:10A9400000F039FA00F0FAF9012803D100F069FAB1
:10A950000120F0E7002410E000F005FA3855711EE0
:10A96000A14201D1012100E00021084600F014FAC3
:10A970000A20FFF7D6F9601CC4B2B442ECDB00F049
:10A9800050FA0020D7E72DE9F04104460E4617465D
:10A9900000F033FA10B10120BDE8F081A02000F0F2
:10A9A0000AFA00F0CBF9012803D100F03AFA0120AD
:10A9B000F2E7201200F0FFF900F0C0F9E0B200F079
:10A9C000FAF900F0BBF9002506E0705D00F0F3F93C
:10A9D00000F0B4F9681CC5B2BD42F6DB00F021FA04
:10A9E0000A20FFF786F90020D6E7000010B50446DC
:10A9F0000D48007B48B90C48806830B10B4800789E
:10AA000018B901212046FEF76BFD81212046FEF793
:10AA100067FD06480078022805D11F23024A01215C
:10AA20002046FEF726FD10BDC0870020FD00002057
:10AA300010B504462B4840682B4948602948806877
:10AA400088600121204602F01CFD1F2810D12548F6
:10AA50000068264988420BD12248407B012807DC48
:10AA60002048807B012803DB1E48807B10280CDDFA
:10AA70001C49487B2022052101F006FD02201C49CB
:10AA800008702046FFF7B2FF2AE01648417B00F12C
:10AA90000F02204601F04EFA002803DA2046FFF7A5
:10AAA000A5FF1DE013480078022819D0114800784E
:10AAB000012815D00F480078032811D00E480088CF
:10AAC000002806DD0C4802880C49204600F0E0F81A
:10AAD00006E00948008818B90021204600F0B8F8BF
:10AAE00010BD0000C0870020E0870020555342437E
:10AAF000FD000020FC000020FA000020C0670020BC
:10AB000070B505460C460C480078022807D1812113
:10AB10002846FEF7E5FC0020074908700BE004F02A
:10AB20008000802807D104480078012803D0012143
:10AB3000284600F08DF870BDFD00002070B5044679
:10AB40000D4610480078022804D0032811D00428AC
:10AB500014D10DE00C48417B00F10F02204601F0BA
:10AB6000E9F9002803DA0121204600F071F806E037
:10AB700000BF0021204600F06BF800E000BF00BFDE
:10AB800070BD0000FC000020C087002070B50446A6
:10AB90000D460D48007810B1012812D103E020467F
:10ABA000FFF746FF0EE00948417B00F10F02204607
:10ABB00001F0C0F9002803DA0121204600F048F82E
:10ABC00000E000BF00BF70BDFC000020C087002077
:10ABD0000021014A11707047FC00002010B50446A6
:10ABE00000200C4908700C4908700C480068016886
:10ABF0000020884701212046FEF7F5FB81212046F1
:10AC0000FEF7F1FB1F23064A01212046FEF731FC27
:10AC100010BD0000FC000020FD000020B00100205D
:10AC2000C087002010B504460020064908700120A6
:10AC3000054908701F23054A01212046FEF719FC2B
:10AC400010BD0000FC000020FD000020C087002097
:10AC500070B505460C460A480A4908600846047360
:10AC60000020094908700D23064A81212846FEF775
:10AC70005BFC1F23054A01212846FEF7FAFB70BD45
:10AC800055534253E0870020FC000020C08700207D
:10AC900070B506460D4614460C488068A04202D2A4
:10ACA0000A48806800E0204684B209488068001B9A
:10ACB000074988600020087304200649087023466D
:10ACC0002A4681213046FEF72FFC70BDC087002048
:10ACD000E0870020FC00002001A006F04BFE0000F1
:10ACE0004D656D0030B502460B464FF6FF700021F2
:10ACF00012E0545C604000240AE000F0010525B138
:10AD000040104AF20105684000E04010651CECB2BA
:10AD1000082CF2DB4C1CA1B29942EADB30BD0000EA
:10AD200010B54FF480710448FFF7FCF904460A207F
:10AD3000FEF7F7FF204610BD0010014010B50020BF
:10AD400000F07EF8012000F087F8012000F078F88C
:10AD50000A20FEF7E6FFFFF7E3FF0446002000F0BD
:10AD60006FF8204610BD70B50025012000F074F882
:10AD700000240DE0012000F063F8FFF7D1FF10B1CF
:10AD8000802020410543002000F05AF8601CC4B226
:10AD9000082CEFDB284670BD10B50446002000F0FB
:10ADA0004FF8204600F058F8012000F049F8002044
:10ADB00000F046F810BD70B50546002417E00020ED
:10ADC00000F03EF880212141294009B1012100E035
:10ADD0000021084600F040F80A20FEF7A2FF0120FB
:10ADE00000F02EF80A20FEF79CFF601CC4B2082C6D
:10ADF000E5DB002000F024F870BD10B5012000F064
:10AE00002BF8012000F01CF8FFF78AFF08B9012099
:10AE100010BD002000F020F8002000F011F8002004
:10AE2000F6E710B5002000F00BF8002000F014F851
:10AE3000012000F005F8012000F00EF810BD000020
:10AE400010B50446224680210248FFF778F9FFF743
:10AE500030FC10BD0010014010B5044622464FF4EE
:10AE600080710348FFF76BF9FFF723FC10BD00006A
:10AE70000010014008B50121182000F03DFC102011
:10AE80008DF803004FF44040ADF8000003208DF82A
:10AE9000020069461248FFF771F810208DF8030090
:10AEA0004020ADF8000003208DF8020069460D48EF
:10AEB000FFF764F848208DF803004FF40050ADF818
:10AEC000000003208DF8020069460548FFF756F898
:10AED000012000F055F8002000F046F808BD000001
:10AEE000000C01400010014010B54FF40051024821
:10AEF000FFF718F910BD0000000C014010B500204C
:10AF000000F03EF810BD10B5012000F039F810BD7A
:10AF100070B505460026002417E080212141294014
:10AF200009B1012100E00021084600F013F80120DA
:10AF300000F01AF8FFF7D8FF10B180202041064337
:10AF4000002000F011F8601CC4B2082CE5DB30468C
:10AF500070BD000010B50446224640210148FFF7AD
:10AF6000EEF810BD0010014010B5044622464FF423
:10AF700000410248FFF7E3F810BD0000000C01405B
:10AF800010B5044622464FF480410248FFF7D7F837
:10AF900010BD0000000C014030B503460024002025
:10AFA00004E01D5C8D4200D11C18401C904202D26E
:10AFB0001D5C002DF5D1204630BD704770B50021D5
:10AFC00000230F22C47804B3154C246804F4E06411
:10AFD000C4F5E064210AC1F10403CA40447804FACC
:10AFE00003F184781440214309010E4C0678A155E1
:10AFF000047804F01F050124AC4005786D11AD0004
:10B0000005F1E025C5F8004109E0047804F01F05CA
:10B010000124AC40044D0678761145F8264070BDF9
:10B020000CED00E000E400E080E100E002490143B3
:10B03000024A1160704700000000FA050CED00E0C4
:10B0400010B54FF400710248FFF777F810BD00000B
:10B050000010014010B54FF400710248FFF76BF883
:10B0600010BD00000010014010B5024802F06AFB5C
:10B0700010BD0000F020002010B5FFF73DFB05A03B
:10B0800004F08EFA03F0B2FE07A004F089FA07F08C
:10B0900051FA10BD4552415345205354415254205A
:10B0A0002020202000000000455241534520464901
:10B0B0004E4953480D0A000010B5FFF71DFB03A0D1
:10B0C00004F06EFA07F036FA10BD000054686520EF
:10B0D000706172616D6574657228475053292068EC
:10B0E0006173206E6F74206265656E207574696C83
:10B0F000697A65642E0D0A002DE9F05F07460E4659
:10B10000DFF8D88036A14046FCF71DF930B9334648
:10B110001622394633A004F043FA49E041463DA0E7
:10B1200004F03EFA0024A1460025A3463CA1404677
:10B13000FCF7E6F8041E18D0E41C3B212046FCF77F
:10B14000F1F8B0F100090CD020213846FCF7CDF819
:10B15000BA4603E014F8010B0AF8010B4C45F9D389
:10B1600000BF39462FA004F01BFA32A14846FCF775
:10B17000C7F8051E18D02D1D3B212846FCF7D2F834
:10B18000B0F1000B0CD020213046FCF7AEF8B246EF
:10B1900003E015F8010B0AF8010B5D45F9D300BF78
:10B1A000314626A004F0FCF928A004F0F9F900BF0C
:10B1B000202239460020FFF7E6FB0A20FEF799FD22
:10B1C000202231461046FFF7DEFB0A20FEF791FDF4
:10B1D00007F0B0F9FFF790FABDE8F09F591F002083
:10B1E000000000006D6E3D25733B73743A25643B8F
:10B1F0007077643D25733B6D696E3D353B74656EBC
:10B200003D303B686F75723D303B6461793D303B4A
:10B210000D0A0000706172616D3A25730D0A00001D
:10B220006D6E3D004D4E636F6E6669673A25730D16
:10B230000A0000007077643D00000000505744632E
:10B240006F6E6669673A25730D0A000054686520C1
:10B2500075706C6F61642074696D652835206D6947
:10B260006E2920616E64205354283232292068618F
:10B270007665206E6F74206265656E2061646A7504
:10B28000737465640D0A00002DE9F05F07460D46F2
:10B29000FFF732FADFF8C89032A14846FCF753F8BE
:10B2A00028B92A46394630A004F07AF944E04946E4
:10B2B00032A004F075F90024A0460026A34632A16E
:10B2C0004846FCF71DF8041E18D0241D3B212046DB
:10B2D000FCF728F8B0F100080CD020213846FCF724
:10B2E00004F8BA4603E014F8010B0AF8010B4445D0
:10B2F000F9D300BF394626A004F052F9B8F1000F87
:10B3000019D008F107063B213046FCF70BF8B0F1E5
:10B31000000B0CD020212846FBF7E7FFAA4603E0EC
:10B3200016F8010B0AF8010B5E45F9D300BF294658
:10B330001BA004F035F900BF202239464020FFF75A
:10B3400022FB0A20FEF7D5FC202229466020FFF7C9
:10B350001AFB0A20FEF7CDFC07F0ECF8BDE8F09FE1
:10B36000591F0020000000006970313D25733B70BB
:10B370006F7274313D25733B0D0A0000706172617C
:10B380006D3A25730D0A00006970313D0000000020
:10B390004950636F6E6669673A25730D0A000000B5
:10B3A000504F5254636F6E6669673A25730D0A00F9
:10B3B00010B5FFF7A1F903A004F0F2F807F0BAF80E
:10B3C00010BD000054686520706172616D65746520
:10B3D000722853414D504C452920686173206E6F8F
:10B3E00074206265656E207574696C697A65642E77
:10B3F0000D0A000010B586B0FFF77EF9002004901A
:10B400000590082204A903F028FD25A004F0C8F83F
:10B41000002405E004A8015D25A004F0C1F8641C27
:10B42000082CF7DB24A004F0BBF8002003F04FFD4C
:10B4300022A207CA01AB07C3082201A9002003F01A
:10B44000E6FC002004900590082204A903F005FD05
:10B450001DA004F0A5F8002405E004A8015D14A0D7
:10B4600004F09EF8641C082CF7DB13A004F098F895
:10B470009DF81000312807D19DF81700382803D116
:10B4800016A004F08DF802E017A004F089F800205F
:10B4900003F01DFD07F04EF8FFF72EF906B010BDC2
:10B4A0004F726967696E616C20446174613A000093
:10B4B00025303278200000000D0A0000313233348C
:10B4C00035363738000000005265616420577269D4
:10B4D0007474656E20446174613A0000546573743D
:10B4E000204F6B0D0A000000546573742045727282
:10B4F0006F720D0A000000007FB50446FFF7FCF8EC
:10B50000214E22A13046FBF71EFF70B9A079617968
:10B510002279CDE900210290A3786278207800F5A5
:10B52000FA611BA004F03CF82BE03046FBF726FF45
:10B53000039021A0039904F033F803A8FCF74CF919
:10B540000546287D64382070287C401C6070287B6C
:10B55000A070287A2071287960712878A07120461F
:10B5600000F0B0FAA07961792279CDE9002102904A
:10B57000A3786278207800F5FA6112A004F010F840
:10B5800000BF06F0D7FF7FBD591F0020000000005C
:10B5900041542B54494D453A253034642D253032E1
:10B5A000642D2530326420253032643A25303264EF
:10B5B0003A253032640D0A0074696D653A25640DD0
:10B5C0000A0000004E45572054494D453A25346441
:10B5D0002D253032642D2530326420253032643AF6
:10B5E000253032643A253032640D0A00704700007D
:10B5F0002DE9F047FCF7F2FEFCF7F0FE81464846E5
:10B60000FCF741F807460C49FBF74FFF06460B498C
:10B61000FBF74BFF05460A49FBF715FF044620469A
:10B62000FCF736F80746074A074BFBF77CFF054651
:10B63000FCF75AF8BDE8F08700F07F450000204194
:10B6400000007D439A9999999999D93F10B5FFF7D0
:10B6500053F803F0EBFD6420FEF74BFB03F02AFFE9
:10B660006420FEF746FB03F07FFE6420FEF741FBFB
:10B6700000F092FB06F05EFFFFF73EF810BD000001
:10B6800001460020034A506820F4404008435060BF
:10B69000704700000010024029B1064A5269024377
:10B6A000044B5A6104E0034A52698243014B5A61D8
:10B6B000704700000010024029B1064AD2690243D7
:10B6C000044BDA6104E0034AD2698243014BDA6138
:10B6D000704700000010024029B1064A1269024377
:10B6E000044B1A6104E0034A12698243014B1A6158
:10B6F000704700000010024029B1064A92690243D7
:10B70000044B9A6104E0034A92698243014B9A61B7
:10B71000704700000010024029B1064AD268024377
:10B72000044BDA6004E0034AD2688243014BDA60DA
:10B7300070470000001002402DE9F0410021002276
:10B74000002500230026002400278C46DFF86081B6
:10B75000D8F8048008F00C0121B1042907D0082989
:10B7600059D109E0DFF84C81C0F8008058E0DFF8DB
:10B770004481C0F8008053E0DFF83481D8F80480B9
:10B7800008F47012DFF82881D8F8048008F48035B6
:10B79000920C0D2A01D0921C00E0062235B9DFF888
:10B7A000188102FB08F8C0F8008033E0DFF8008160
:10B7B000D8F82C8008F48036DFF8F480D8F82C8094
:10B7C00008F00F0808F1010446B9DFF8E880B8FB7B
:10B7D000F4F808FB02F8C0F800801BE0DFF8D08026
:10B7E000D8F82C80C8F3031808F10107DFF8C080EF
:10B7F000D8F82C80C8F3032808F1020CDFF8B480D5
:10B80000B8FBF7F808FB0CF8B8FBF4F808FB02F8F3
:10B81000C0F8008004E0DFF89C80C0F8008000BF22
:10B8200000BFDFF88C80D8F8048008F0F001090927
:10B83000DFF8888018F80130D0F8008028FA03F883
:10B84000C0F80480DFF86880D8F8048008F4E0616C
:10B85000090ADFF8688018F80130D0F8048028FA67
:10B8600003F8C0F80880DFF84880D8F8048008F4AE
:10B870006051C90ADFF8448018F80130D0F804801C
:10B8800028FA03F8C0F80C80DFF82480D8F8048088
:10B8900008F44041890BDFF8288018F80130D0F80F
:10B8A0000C80B8FBF3F8C0F81080BDE8F081000010
:10B8B000001002400024F40000127A000000002072
:10B8C0001000002010B588B0044601218804FFF75D
:10B8D000F3FE01210820FFF70FFF01212020FFF7D1
:10B8E0000BFF18208DF81F004FF48060ADF81C008E
:10B8F00003208DF81E0007A92648FEF73FFB4820CD
:10B900008DF81F004FF40060ADF81C0003208DF887
:10B910001E0007A91F48FEF731FB03940020ADF875
:10B9200018000C20ADF816000020ADF81400ADF89A
:10B930001200ADF8100003A9174801F01BFB01220B
:10B9400040F22551144801F0F0FA27208DF8080044
:10B9500001208DF80B008DF8090002208DF80A00F7
:10B9600002A8FFF72BFB01210B4801F04DFA042040
:10B97000ADF8040010208DF8070003208DF80600B4
:10B9800001A90648FEF7FAFA04210448FEF7D3FBA2
:10B9900008B010BD000C01400048004000140140F8
:10B9A00010B504210148FEF7C6FB10BD001401408C
:10B9B00070B505460E4600F025F84FF4FA70FEF714
:10B9C000B0F900240CE000BF80210D4801F076FAA8
:10B9D0000028F9D0295D0A4801F03DFB601CC4B283
:10B9E000B442F0DB00BF8021054801F067FA00286F
:10B9F000F9D00220FEF77DF9FFF7D2FF70BD0000FD
:10BA00000048004010B504210148FEF796FB10BD28
:10BA10000014014070B50446FEF7A4FD6420FEF753
:10BA200073FDFEF7E5FD18B9FEF7C4FD002070BDFB
:10BA30000020FEF769FDFEF7DBFDFEF793FD6520B4
:10BA4000FEF762FDFEF7D4FDFEF732FD0546FCF77A
:10BA5000AFFDA071FEF7F0FCFEF72AFD0546FCF7EE
:10BA6000A7FD6071FEF7E8FCFEF722FD00F07F0500
:10BA70002846FCF79DFD2071FEF7DEFCFEF718FD61
:10BA80000546FCF795FDE070FEF7D6FCFEF710FDCD
:10BA90000546FCF78DFDA070FEF7CEFCFEF708FD15
:10BAA0000546FCF785FD6070FEF7C6FCFEF700FD5D
:10BAB0000546FCF77DFD2070FEF7DCFCFEF77AFD05
:10BAC0000120B4E770B5044603F039FDFEF74AFDE6
:10BAD0006420FEF719FDFEF78BFD18B9FEF76AFD2D
:10BAE000002070BD0020FEF70FFDFEF781FDA0795C
:10BAF000382808DCA179C91CC8B2FEF7E0F8054671
:10BB0000FEF702FD02E05920FEF7FEFCFEF770FD95
:10BB10006079FEF7D4F80546FEF7F6FCFEF768FDFF
:10BB20002079FEF7CCF840F080052846FEF7ECFCC3
:10BB3000FEF75EFDE078FEF7C2F80546FEF7E4FC8E
:10BB4000FEF756FDA078FEF7BAF80546FEF7DCFCD6
:10BB5000FEF74EFD6078FEF7B2F80546FEF7D4FC1E
:10BB6000FEF746FD2078FEF7AAF80546FEF7CCFC66
:10BB7000FEF73EFDFEF71EFD03F0BEFC0120B0E720
:10BB80001CB50024002015490870082014490870CD
:10BB900014A103C9CDE9000108216846FFF708FF99
:10BBA00005E01420FEF7A5F804F1140084B20B4858
:10BBB00000780B490978884202DAB4F5967FF0DB09
:10BBC00008220A496846FBF7CCFB28B14FF496706F
:10BBD000FEF78FF8FFF7D4FF1CBD00002100002006
:10BBE0002200002056060037000375E21C0F0020DB
:10BBF0007FB5044600250020244908700820244908
:10BC00000870244B0FCB8DE80F002078FEF764F806
:10BC10008DF807006078FEF75FF88DF80800A078CF
:10BC2000FEF75AF88DF809002079FEF755F88DF8DF
:10BC30000A006079FEF750F88DF80B00A079FEF746
:10BC40004BF88DF80C000D216846FFF74BF81249B0
:10BC50000880084600788DF80D000846008800121C
:10BC60008DF80E000F216846FFF7A2FE05E01420B4
:10BC7000FEF73FF805F1140085B204480078082863
:10BC800002DAB5F5967FF2DB7FBD000021000020CF
:10BC900022000020F02801086200002070B5002476
:10BCA00000203449087019203349087008213348AE
:10BCB000FFF77EFE05E01420FEF71BF804F11400E8
:10BCC00084B22D480078401E2A490978884202DD56
:10BCD000B4F5967FEFDB28480078801E81B22848B3
:10BCE000FFF700F82749088025480078562837D103
:10BCF00023484078032833D12148C07D2049097E5C
:10BD000040EA01201F490988884229D11A48017850
:10BD10001D48FBF7EAFA0A20FEF703F84E201B49FC
:10BD200008701548027816491748FBF7C5FA0A202B
:10BD3000FDF7F7FF14490979134AD27841EA022046
:10BD4000FBF798FC05461249FBF7AFFB1149C1F818
:10BD50002B0009480178491C0948FBF7C6FA02E0A4
:10BD600042200A490870094801780A4880F82F10D3
:10BD700070BD000021000020220000205A00002099
:10BD80001C0F002062000020DB1F00206400002048
:10BD900000002041EC0E002010B509A003F000FCCB
:10BDA000002406E00848015D08A003F0F9FB601CD0
:10BDB000C4B2192CF6DB07A003F0F2FB10BD0000A3
:10BDC0005261696E3A000000DB1F00203078253098
:10BDD000325820000D0A00002DE9F04104460F46BC
:10BDE00015461E46202221460020FEF789FD0A2026
:10BDF000FDF77FFF202239461046FEF781FD0A201D
:10BE0000FDF777FF202229464020FEF779FD0A2022
:10BE1000FDF76FFF202231466020FEF771FD0A20FA
:10BE2000FDF767FF102209495001FEF769FD0A205E
:10BE3000FDF75FFF1022054910314FF40870FEF73F
:10BE40005FFD0A20FDF755FFBDE8F081CD20002001
:10BE500070B506460C4615466019074909688842C0
:10BE600007D921220521304600F00EFB4FF0FF30AC
:10BE700070BD0020FCE70000A000002030B50446A3
:10BE80000A46507800F0010010B10E4B07210CE07B
:10BE90000D480068C06904EBC40500EB8503187900
:10BEA000411D1079884200DC11790848018004E0C6
:10BEB000481E81B2585C064D68540029F8D1002014
:10BEC00030BD000038290108B0010020FA00002030
:10BED000C067002010B502460B46082106480180C5
:10BEE00005E0481E81B20548405C054C60540029BD
:10BEF000F7D1002010BD0000FA00002047290108FA
:10BF0000C067002010B502460B4608210648018094
:10BF100005E0481E81B20548405C054C605400298C
:10BF2000F7D1002010BD0000FA0000203F290108D1
:10BF3000C067002070B505460E46144632480560BD
:10BF4000207823283ED00DDC1A2831D005DCB0B192
:10BF5000032819D012284ED11BE01B281ED01E2802
:10BF600049D120E02A283CD004DC25282FD02828DD
:10BF700041D131E02F2839D05A283CD11DE021464B
:10BF8000304600F0A7FA70BD2146304600F030FA86
:10BF9000F9E721463046FFF771FFF4E721463046C6
:10BFA00000F090FAEFE72146304600F08BFAEAE71E
:10BFB00021463046FFF7A6FFE5E721463046FFF76A
:10BFC00089FFE0E72146304600F0CEF9DBE7214665
:10BFD000304600F06DF9D6E72146304600F0E4F82F
:10BFE000D1E72146304600F0C5FACCE7214630467D
:10BFF00000F098FAC7E720220521304600F044FA05
:10C000004FF0FF30BFE70000B40000202DE9F04101
:10C01000054627480068B0F5005F02D22448006852
:10C0200001E04FF40050044622480068B4FBF0F0F1
:10C0300086B2204800232049026803C9FBF7B6F8FE
:10C0400007461E48006833463A461D49D0F810C0DE
:10C050002846E047002808DA11220421284600F08B
:10C0600013FA4FF0FF30BDE8F0812346144A8121D6
:10C0700014480068FDF758FA0F48D0E9002012195B
:10C0800040F100000C49C1E9002009480068001B8C
:10C09000074908600C488068001B0B498860044809
:10C0A000006810B90320094908700020DBE7000090
:10C0B000B00000209C000020A8000020B00100205B
:10C0C000C0670020B4000020E0870020FC000020B2
:10C0D0002DE9F04105462D480068B0F5005F02D219
:10C0E0002A48006801E04FF40050044628480068E0
:10C0F000B4FBF0F086B2264800232649026803C943
:10C10000FBF754F807462448006833463A4623496B
:10C11000D0F814C02846E047002808DA032204219A
:10C12000284600F0B1F94FF0FF30BDE8F081194822
:10C13000D0E90020121940F100001649C1E90020A1
:10C1400012480068001B1149086015488068001BF0
:10C15000134988600D48006828B90021114800681B
:10C16000FEF776FD10E009480068B0F5005F02D2E6
:10C170000648006801E04FF4005083B2074A0121ED
:10C1800008480068FDF775F90020CEE7B0000020F0
:10C190009C000020A8000020B0010020C067002003
:10C1A000E0870020B40000202DE9F04105460C4650
:10C1B00038480078002864D13748007B00F08000C0
:10C1C000802809D03449487B2022052100F05CF901
:10C1D0004FF0FF30BDE8F0813048006881682846A4
:10C1E000884738B13A220221284600F04DF94FF035
:10C1F000FF30EFE7A0780006E17840EA01402179BE
:10C2000040EA012061790843C117254A03C2207A18
:10C21000E17940EA0120234908600846008882B29B
:10C220001F4801682846FFF713FE002802DA4FF086
:10C23000FF30CFE70220174908701948D0E90032D3
:10C24000194800680021A3FB006702FB007003FB94
:10C2500001001349C1E900601248006812490968E9
:10C260004843104908600C4880680968884208D033
:10C270000949487B2022052100F006F94FF0FF30E4
:10C28000A8E74FF40050094908802846FFF7BEFE92
:10C29000A0E70000FC000020C0870020B0010020C3
:10C2A000A8000020B00000209C000020FA00002020
:10C2B00070B504460D461F4800681F4A1F49436871
:10C2C0002046984738B13A220221204600F0DCF897
:10C2D0004FF0FF3070BD19480068401E000E18492D
:10C2E000087016480068401E000C4870134800880B
:10C2F000401E000A887011480078401EC8700E4821
:10C300000068000E08710C480068000C48710A486B
:10C310000088000A887108480078C8710820094917
:10C320000880054802680548016807A003F038F94D
:10C330000020CFE7B00100209C000020A0000020DA
:10C34000C0670020FA00002043617061636974795E
:10C350003A20626C6F636B733D256C752C2073699A
:10C360007A653D256C750A007CB505460E460024AD
:10C3700004E000201B490855601C84B20C2CF8DB3B
:10C380001948006801AA694643682846984738B1A9
:10C390003A220221284600F077F84FF0FF307CBDAA
:10C3A00008201049C8700098401E000E08710098BF
:10C3B000401E000C48710098401E000A88710098C9
:10C3C000401EC871022008720198000C4872019842
:10C3D000000A88720198C8720C2004490880002065
:10C3E000DDE70000C0670020B0010020FA00002057
:10C3F00010B50346002204E000201E4CA054501C3F
:10C40000C2B2122AF8DB70201A4C20700C20E071A6
:10C4100019480078194C2478A04221D01848164CAD
:10C42000247810F83400134CA0701548124C24786E
:10C4300000EBC40040790F4C207311480E4C247857
:10C4400000EBC40000790B4C60730B480078401C73
:10C45000094C207020460078042801D1002020706B
:10C460001220084C20800879122801DC08792080ED
:10C47000002010BDC0670020980000209900002017
:10C4800060670020FA00002030B50C4B0C4C24787B
:10C4900003F834101302094C094D2D7804EBC50440
:10C4A0006360074B1B785B1C054C237023461B788D
:10C4B000042B01D10023237030BD000060670020F1
:10C4C0009900002002460020014B188070470000B0
:10C4D000FA00002070B504460D460F48806840B150
:10C4E0000D49487B20220521FFF7CEFF4FF0FF309A
:10C4F00070BD0A48006881682046884738B13A22F2
:10C5000002212046FFF7C0FF4FF0FF30F0E7002088
:10C510000349088000BFEBE7C0870020B00100207E
:10C52000FA00002070B505460C46607800F0020065
:10C53000022807D1242205212846FFF7A5FF4FF046
:10C54000FF3070BD0848008882B20848016828465C
:10C55000FFF77EFC002802DA4FF0FF30F1E7002001
:10C560000349088000BFECE7B0000020A8000020CD
:10C57000FA0000202DE9F04105460C4647480078B6
:10C5800000286ED14648007B00F08000802809D149
:10C590004349487B20220521FFF776FF4FF0FF300B
:10C5A000BDE8F0813F48006881682846884738B177
:10C5B0003A2202212846FFF767FF4FF0FF30EFE7EE
:10C5C00038480068C1682846884738B127220221C8
:10C5D0002846FFF759FF4FF0FF30E1E7A07800064B
:10C5E000E17840EA0140217940EA0120617908437D
:10C5F000C1172D4A03C2207AE17940EA01202B4974
:10C6000008600846008882B2274801682846FFF77C
:10C610001FFC002802DA4FF0FF30C1E722480CC8A7
:10C62000234800680021A2FB006703FB007002FBA7
:10C6300001001D49C1E900601C4800681C490968E7
:10C6400048431A490860164880680968884209D03A
:10C650001349487B20220521FFF716FF4FF0FF30DA
:10C660009EE714E001200D49087010480068B0F5FD
:10C67000005F02D20D48006801E04FF4005083B221
:10C680000C4A01210C480068FCF7F3FE03E0284641
:10C69000FFF71EFD84E7002082E70000FC00002079
:10C6A000C0870020B0010020A8000020B0000020BA
:10C6B0009C000020C0670020B4000020F8B50446AC
:10C6C0000D46164614B14FF0FF30F8BD0020009023
:10C6D0006A46012104F039F810B14FF0FF30F4E759
:10C6E0004FF480503060009828600020EDE7002073
:10C6F0007047000010B504462CB105A002F050FFB1
:10C700004FF0FF3010BD02F07EFB0020FAE7000082
:10C710005553422044455649434520494E495420EB
:10C720004552524F52000000014609B9002070479F
:10C730004FF0FF30FBE70146002070472DE9F04144
:10C7400004460D4616461F461CB14FF0FF30BDE8AB
:10C75000F0813B4632462946002004F014F808B91F
:10C760000020F4E74FF0FF30F1E72DE9F0410446F7
:10C770000D4616461F461CB14FF0FF30BDE8F08154
:10C780003B4632462946002004F046F808B900200E
:10C79000F4E74FF0FF30F1E7704710B500F002F812
:10C7A00010BD00000CB50020019000903F480068CB
:10C7B00040F480303D49086000BF3C48006800F408
:10C7C000003000900198401C0190009818B9019821
:10C7D000B0F5A06FF1D13548006800F4003010B119
:10C7E0000120009001E000200090009801285CD119
:10C7F0002F48006840F010002D4908600846006886
:10C8000020F0030008600846006840F0020008605D
:10C810002648406825494860084640684860084600
:10C82000406840F4806048600846C06A214908407A
:10C830001E49C8620846C06A1F4908431B49C862AE
:10C840000846006840F08060086000BF1748006834
:10C8500000F000600028F9D01448406820F47C10F3
:10C86000124948600846406840F4E81048600846AD
:10C87000006840F08070086000BF0C48006800F05D
:10C8800000700028F9D00948406820F003000749EB
:10C8900048600846406840F00200486000BF034816
:10C8A000406800F00C000828F9D10CBD00100240CF
:10C8B0000020024000F0FEFF180701003EB50546CB
:10C8C0000C4620788DF8000060788DF80100A07883
:10C8D0008DF80200E0788DF8030020798DF80400CF
:10C8E00060798DF80500A0798DF806008DF8075065
:10C8F000FF208DF80800D2208DF809006B460A222F
:10C9000007216420FDF79EFE3EBD704710B5164816
:10C91000006840F001001449086008464068134967
:10C9200008401149486008460068114908400E490E
:10C9300008600846006820F48020086008464068C7
:10C9400020F4FE0048600846006820F0A05008600F
:10C950004FF47F0088600020C862FFF71EFF054883
:10C960000549086010BD0000001002400000FFF003
:10C97000FFFFF6FE0070000808ED00E010B5012191
:10C98000880700F059F801283AD11E48FFF742F80D
:10C990001C484079052190FBF1F201FB1200C0B95F
:10C9A00018488079A8B900201749087015484079BF
:10C9B00078B900201549087012484078012808D13C
:10C9C00010488078012804D10E48007908B9FFF793
:10C9D000D7F80C49887900EBD0714910A0EB4101E0
:10C9E00029B94FF480510A48FDF7A7FB04E04FF442
:10C9F00080510748FDF79FFB0121880700F00DF8E3
:10CA000010BD0000710000206800002069000020B7
:10CA1000000C0140CA4302827047CA430282704739
:10CA200021B1028842F00102028004E002884FF640
:10CA3000FE731A400280704730B502460020002382
:10CA40000024158A05EA0103958905EA010413B15A
:10CA50000CB1012000E0002030BD1AB183890B43E6
:10CA6000838102E083898B438381704701894FF67C
:10CA7000F872114001817047002202881D4B9842D4
:10CA80000ED01D4B98420BD0B0F1804F08D01B4BFD
:10CA9000984205D01A4B984202D01A4B984204D1C2
:10CAA0004FF68F731A404B881A43174B984207D0A2
:10CAB000164B984204D04FF6FF431A40CB881A43D6
:10CAC00002808B8883850B8803850A4B98420BD0A4
:10CAD000094B984208D00E4B984205D00D4B984216
:10CAE00002D00D4B984201D10B7A03860123838239
:10CAF00070470000002C0140003401400004004059
:10CB000000080040000C00400010004000140040ED
:10CB10000040014000440140004801401FB5012190
:10CB20000846FEF7C9FD4FF08040FFF79FFF002049
:10CB3000ADF80A00ADF8060042F20F70ADF808003B
:10CB400041F61F40ADF8040000208DF80C0001A94B
:10CB50004FF08040FFF790FF01218807FFF75AFF51
:10CB6000012211469007FFF778FF1C208DF8000086
:10CB700001208DF8030002208DF8010001208DF8BE
:10CB800002006846FEF71AFA01218807FFF748FFFE
:10CB90001FBD000070B540F22551104800F09BF910
:10CBA000012810D10D4800F051FAC5B20B4800F031
:10CBB0004DFAC4B2204603F047FE40F22551074823
:10CBC00000F013F900BF0821044800F077F90128AC
:10CBD00003D10821014800F0FFF870BD0038014082
:10CBE00010B50821614800F069F930B15F4800F0E4
:10CBF0002DFA08215D4800F0EFF802215B4800F0B3
:10CC00005DF930B1594800F021FA0221574800F08F
:10CC1000E3F840F22441554800F05DF950B1534823
:10CC200000F014FA40F22441504800F0DEF80120F0
:10CC30004F49087040F225514C4800F04CF900284B
:10CC400079D040F22551494800F0CFF8474800F02C
:10CC5000FDF9C4B24748D0F80411D0F80401401CD3
:10CC6000444AC2F804011046445443480078062858
:10CC700075D2DFE800F00309121F3F64412C02D196
:10CC800001203D4908706DE0542C03D102203A493F
:10CC9000087001E005F04EFC64E02B2C07D1032066
:10CCA000354908700020354981F8900001E005F011
:10CCB00041FC57E03A2C0BD104202F49087000208A
:10CCC0002E4981F8910091F890102C4A505410E0B0
:10CCD0002A4890F890000F2809DA284991F8900026
:10CCE000411C264A82F8901011460C5401E005F0D0
:10CCF00021FC37E00D2C0ED105201F4908700D22B4
:10CD00001E4991F89100411C1C4B83F8911003F1CE
:10CD100010010A5412E0194890F891007E280BDAAD
:10CD2000164991F89100411C144A82F8911002F1C1
:10CD300010010C5402E017E005F0FCFB12E00A2C95
:10CD40000AD10A210D4890F8912010308154012019
:10CD50000749087002E002E005F0ECFB02E005F094
:10CD6000E9FB00BF00BF00BF10BD00000044004051
:10CD700058000020E402002057000020491F002036
:10CD800070B500250821114800F098F8012803D15A
:10CD90000E480588001D058820210C4800F08EF8FB
:10CDA000012811D1094800F051F9C4B208480949D5
:10CDB0000978445407480078401C0649087020212F
:10CDC000024800F009F800BF70BD000000480040B4
:10CDD0001C0F00202100002001F40072B2F5007F3A
:10CDE00000D100BFCA430280704710B50022002363
:10CDF00040F66A14A14200D100BF0A1201249440F7
:10CE0000A3B2DC43048010BD21B1828942F40052F8
:10CE1000828104E082894DF6FF731A408281704757
:10CE200010B504462048844209D101218803FEF749
:10CE300073FC00214FF48040FEF76EFC32E01B488B
:10CE4000844209D101214804FEF746FC00214FF439
:10CE50000030FEF741FC25E01548844209D101214C
:10CE60008804FEF739FC00214FF48020FEF734FCE3
:10CE700018E01048844209D10121C804FEF72CFCB7
:10CE800000214FF40020FEF727FC0BE00A48844203
:10CE900008D101210805FEF71FFC00214FF4801086
:10CEA000FEF71AFC10BD00000038014000440040AD
:10CEB00000480040004C0040005000400246002066
:10CEC000B1F5007F00D100BF13880B400BB10120EA
:10CED00000E00020704770B50246002400230025C2
:10CEE000002040F66A16B14200D100BFC1F34215DE
:10CEF00001F01F03012606FA03F3012D02D19689E2
:10CF0000334006E0022D02D1168A334001E0968AB2
:10CF100033400C12012606FA04F41688344013B18B
:10CF20000CB1012000E0002070BDF0B503460024E4
:10CF300000260025002040F66A17B94200D100BF44
:10CF40001846C1F3421401F01F06012707FA06F53F
:10CF5000012C01D10C3004E0022C01D1103000E092
:10CF600014301AB107682F43076002E00768AF4327
:10CF70000760F0BD2DE9F04786B005460E46002457
:10CF8000A24600BFA1460027B08900B100BF2F46CE
:10CF90002C8A4CF6FF700440F08804432C82AC8944
:10CFA0004EF6F3100440B088318908437189084374
:10CFB0000443AC81AC8A4FF6FF400440B08904437F
:10CFC000AC8201A8FEF7B8FB1F48874202D1DDF80A
:10CFD00010A001E0DDF80CA0A88900F4004040B1E9
:10CFE0000AEBCA0000EB0A1031684900B0FBF1F807
:10CFF00007E00AEBCA0000EB0A1031688900B0FBB9
:10D00000F1F86420B8FBF0F004012009642101FB71
:10D010001089A88900F4004040B1322000EBC9001B
:10D02000B0FBF1F000F00700044308E0322000EB11
:10D0300009106421B0FBF1F000F00F0004432C81D3
:10D0400006B0BDE8F087000000380140014688883E
:10D05000C0F308007047C1F308028280704770B5C2
:10D0600004460D46D4F8E405294642682046904718
:10D07000002070BD70B504460D464FF48970005D08
:10D08000022802D0032812D100E000BF68880128DE
:10D090000CD100214FF48C700151D4F8E4052946DD
:10D0A000826820469047204600F05EF804E029465A
:10D0B000204600F021F800BF00BF70BD2DE9F0410F
:10D0C00006460C46154600272B46224600213046D0
:10D0D000FCF7CFF93846BDE8F0812DE9F04106466E
:10D0E0000C46154600272B46224600213046FCF709
:10D0F0001BFA3846BDE8F08170B504460D46802124
:10D100002046FCF7EDF900212046FCF7E9F920461E
:10D1100001F06FFA70BD70B504460025052140F29C
:10D120001110015500231A4619462046FCF7A1F9B3
:10D13000204601F05EFA284670BD2DE9F041044614
:10D140000E4615460027C4F83C51C4F83851022158
:10D1500040F2111001552B46324600212046FCF7C3
:10D16000E3F93846BDE8F08170B504460025042196
:10D1700040F21110015500231A4619462046FCF7CB
:10D18000D3F9204601F035FA284670BD70B5054642
:10D190000E46002E51D105F58E7440F21110405DFF
:10D1A00002283DD1A168E069884211D9A168E069EF
:10D1B000401AE061E878012803D1D4E9021008445C
:10D1C000E060A08B82B22846E168FFF786FF27E087
:10D1D000A168206AB0FBF1F201FB120078B9A168E6
:10D1E000206A88420BD3D4E90801884207D2002282
:10D1F00011462846FFF771FF0020606210E0D5F865
:10D20000E405C06848B14FF48970405D032804D13B
:10D21000D5F8E405C168284688472846FFF77BFF14
:10D220004FF48B70405D012816D1284600F04CFB6E
:10D2300000214FF48B7041550EE0D5F8E4054069AC
:10D2400050B14FF48970405D032805D1D5F8E4054D
:10D250003146426928469047002070BD70B50546AA
:10D260000E46A6BB05F55D7440F21110405D032823
:10D270003DD1A168E069884217D9A168E069401AE8
:10D28000E061E878012803D1D4E902100844E060A5
:10D29000A368E069984201D2E06900E0A06882B228
:10D2A0002846E168FFF70AFF21E0D5F8E4050069A8
:10D2B00048B14FF48970405D032804D1D5F8E405E6
:10D2C0000169284688472846FFF74EFF0FE0FFE731
:10D2D000D5F8E405806950B14FF48970405D0328AA
:10D2E00005D1D5F8E40531468269284690470020EB
:10D2F00070BD01460020704770B504460D46E888B1
:10D30000012804D029462046FFF7F6FE1AE04FF424
:10D310008970005D022802D003280DD105E00122AA
:10D3200009492046FFF709FF0BE0012204F5887147
:10D330002046FFF702FF04E029462046FFF7DCFE07
:10D3400000BF00BF70BD0000F0000020F8B504462B
:10D350000E467088001208286CD2DFE800F06B04DB
:10D3600016226B6B6166A078D4F8EC150A686946E2
:10D3700090470546F088402804D04FF48970005D3E
:10D38000012801D10820009059E0A078D4F8E415D4
:10D390008A6A69469047054602216970C4F8F055CB
:10D3A0004DE0B078062834D2DFE800F0030B131B01
:10D3B000232BA078D4F8EC154A68694690470546B7
:10D3C0002CE0A078D4F8EC158A68694690470546A9
:10D3D00024E0A078D4F8EC15CA6869469047054661
:10D3E0001CE0A078D4F8EC150A6969469047054618
:10D3F00014E0A078D4F8EC154A69694690470546D0
:10D400000CE0A078D4F8EC158A6969469047054687
:10D4100004E031462046FFF76FFEF8BD00BF0EE086
:10D4200031462046FFF768FEF7E731462046FFF712
:10D4300063FEF2E731462046FFF75EFEEDE700BFF0
:10D44000BDF8000088B1F08878B1F088BDF8001010
:10D45000884202DDBDF8000000E0F0880090BDF8D1
:10D46000002029462046FFF768FE00BFD5E70146A9
:10D47000002002E0421CD0B2491C0A78002AF9D1EF
:10D480007047024601EB810302F55D7000EBC300BB
:10D49000008B80B27047000070B504460D464FF413
:10D4A0008970005D022802D0032813D100E000BF7C
:10D4B00001200C4908604FF48C70005920B10846D7
:10D4C000006840F002000860022206492046FFF78B
:10D4D00034FE04E029462046FFF70EFE00BF00BFE1
:10D4E00070BD0000F40000202DE9F04104460D4617
:10D4F00017460026FCB12046FFF7B9FF022101EBD9
:10D50000400038803A783046711CCEB22A5403224B
:10D510003046711CCEB22A540AE014F8012B304672
:10D52000711CCEB22A5400223046711CCEB22A544D
:10D5300020780028F1D1BDE8F0812DE9F0410446C2
:10D540000F4615461E46DDF81880204600F068FD9F
:10D550002046FFF7CEFEC4F8E465C4F8E885C4F8B9
:10D56000EC5539462046FCF7D3FAD4F8E81508689C
:10D570008047204600F042FDBDE8F08110B504462A
:10D58000D4F8E405016A20468847002010BD10B594
:10D590000446D4F8E405416A20468847002010BDBF
:10D5A00070B504460D4629462046FDF7C7FA00200F
:10D5B00070BD70B504460D4629462046FDF7E6FAD3
:10D5C000002070BD70B504460D4681212046FBF752
:10D5D000C1FE01212046FBF7BDFE2046FDF7F8FA0B
:10D5E000002070BD024620200880014870470000DE
:10D5F0002C01002070B504460D4629462046FFF751
:10D60000E1FF0223402281212046FBF7FEFE022398
:10D61000402201212046FBF7F8FE2046FDF7DEFA06
:10D62000002070BD70B505460C46207800F0600003
:10D63000002849D020287BD16078FE2802D0FF281E
:10D640003AD125E06088E0B9E088012819D1207836
:10D6500000F08000802814D1374909688869804724
:10D660003649087008460078002804DD0122284663
:10D67000FFF763FD0BE021462846FFF73DFD022042
:10D6800070BD21462846FFF737FD0220F8E719E074
:10D69000608850B9E08840B9207800F08000802888
:10D6A00003D02846FDF7BEFA05E021462846FFF7DD
:10D6B00023FD0220E4E705E021462846FFF71CFD94
:10D6C0000220DDE700BF34E0607801280ED00A2890
:10D6D00002D00B2829D105E0012219492846FFF77D
:10D6E0002CFD22E0A078164908701EE0217928461A
:10D6F000FBF779FE21792846FBF72CFE207900F014
:10D700008000802806D12179022340222846FBF799
:10D710007CFE05E02179022340222846FBF775FEB6
:10D7200021792846FDF7ECF900BF00BF01E0FFE7D3
:10D7300000BF00BF0020A3E7B00100204C01002083
:10D740004D0100207CB505464AF6AA2037490860FD
:10D750000024284601F042FA002865D0284601F04E
:10D7600048FA0190019808B900207CBD0198C0F3E7
:10D77000C04018B12846FBF7D3FF04430198C0F31B
:10D78000804018B12846FBF729FF04430198C0F3F5
:10D79000400050B100200090009820F00200801C52
:10D7A00000900098E968486100BF0198C00F18B167
:10D7B0002846FCF735F804430198C0F3C02018B19F
:10D7C0002846FCF7CFF804430198C0F3C00018B115
:10D7D0002846FCF7B1F804430198C0F3001018B1D3
:10D7E0002846FCF751F804430198C0F3003018B103
:10D7F0002846FCF70BF904430198C0F3403018B1F8
:10D800002846FBF7B8FE04430198C0F3005018B156
:10D810002846FCF7CBF904430198C0F3405018B1F7
:10D820002846FCF7D9F9044320469EE70030004023
:10D8300090F8CC250A7090F8CD254A7090F8CE3536
:10D8400090F8CF2503EB02224A8090F8D03590F86B
:10D85000D12503EB02228A8090F8D23590F8D325A7
:10D8600003EB0222CA80CB884FF4A072135001232D
:10D8700040F211121354704710B5044600234022A1
:10D8800019462046FBF7C1FD002340228021204697
:10D89000FBF7BBFD01214FF489700155A078D4F846
:10D8A000E82551688847002010BD10B50446D4F81B
:10D8B000E8150869804740F21310015D401E0155CC
:10D8C00003210155002010BD014603480268086984
:10D8D0004260002070470000B800002010B50446E8
:10D8E000D4F8E405C06920B1D4F8E405C169204644
:10D8F0008847002010BD70B504460D46A88818BBA7
:10D90000E88808BBA87800F07F064FF48970005DB6
:10D91000032804D129462046FFF7EEFB18E04FF418
:10D920008A70065531462046FBF7CCFD2046FFF7AE
:10D930001BFC26B102214FF48970015508E001213A
:10D940004FF48970015503E029462046FFF7D4FBC8
:10D9500070BD70B504460D46D4F8E405294602684A
:10D9600020469047D4F8E81588688047002070BDAD
:10D9700070B504460D46A87830490870084600780E
:10D98000012804DD29462046FFF7B6FB55E04FF499
:10D990008970005D022802D0032848D117E027488B
:10D9A000007880B12548007884F8100103214FF4F5
:10D9B00089700155214801782046FFF7CAFF2046AB
:10D9C000FFF7D2FB02E02046FFF7CEFB34E01B4816
:10D9D000007880B902214FF489700155174800780A
:10D9E00084F81001154801782046FFF738FB2046DF
:10D9F000FFF7BAFB1AE094F8100110490978884241
:10DA000011D094F810112046FFF729FB0B4800783D
:10DA100084F81001094801782046FFF79AFF204654
:10DA2000FFF7A2FB02E02046FFF79EFB04E0294639
:10DA30002046FFF761FB00BF00BF70BDF80000206B
:10DA4000F8B504460D460026688801280DD101214D
:10DA50004FF48C700151D4F8E405294682682046C1
:10DA600090472046FFF780FB39E06888022836D1CE
:10DA70002879A0BB206940680090A8880612062E6D
:10DA800022D2DFE806F02103090F151B009820F0D1
:10DA900070001030009017E0009820F070002030E7
:10DAA000009011E0009820F07000303000900BE002
:10DAB000009820F070004030009005E0009820F0C1
:10DAC00070005030009000BF00BF05480099016011
:10DAD00001214FF48B7001552046FFF745FBF8BD3F
:10DAE000B80000201CB5044669462046FFF7A0FE9A
:10DAF0009DF8000000F01F0020B1012807D0022887
:10DB00000FD109E06946204600F016F811E0694699
:10DB1000204600F0F9F80CE06946204600F046F88F
:10DB200007E09DF8000000F080012046FBF7D8FCDC
:10DB300000BF00BF00201CBD70B505460C46002686
:10DB400060780A2829D2DFE800F01923281E280A65
:10DB50000528140F21462846FFF7F8FB22E021464E
:10DB60002846FFF7C8FE1DE021462846FFF700FFC4
:10DB700018E021462846FFF7BFFB13E02146284660
:10DB8000FFF78AFC0EE021462846FFF759FF09E01F
:10DB900021462846FFF76EFA04E021462846FFF7A3
:10DBA000ABFA00BF00BF304670BD00002DE9F04168
:10DBB00005460E46002734797078002857D0012892
:10DBC0002BD0032875D14FF48970405D022802D014
:10DBD00003281BD107E02CB1802C03D02146284616
:10DBE000FBF77EFC17E0708830B92CB1802C03D095
:10DBF00021462846FBF774FCD5F8E40531468268D7
:10DC0000284690472846FFF7AFFA04E031462846F9
:10DC1000FFF772FA00BF00BF70E04FF48970405DFB
:10DC2000022802D003281BD107E02CB1802C03D09E
:10DC300021462846FBF754FC17E0708878B95CB1A0
:10DC4000802C09D021462846FBF7A9FBD5F8E4052E
:10DC500031468268284690472846FFF785FA04E057
:10DC600031462846FFF748FA00BF00BF46E04FF4B0
:10DC70008970405D022802D0032837D107E02CB11B
:10DC8000802C03D021462846FBF72AFC33E004F021
:10DC90008000802812D104F07F0000EB800105F5A0
:10DCA0008E7000EBC100807820B10120154908601A
:10DCB00016E022E000201349086011E004F0800023
:10DCC00070B904EB840105F55D7000EBC10080784C
:10DCD00018B101200B49086002E0002009490860E2
:10DCE000022208492846FFF728FA04E03146284670
:10DCF000FFF702FA00BF00BF00E000BF00BF3846D8
:10DD0000BDE8F081EC00002070B504460D46002609
:10DD10004FF48970005D032814D1287901280CDCA8
:10DD2000D4F8E4052946826820469047E88840B93F
:10DD30003EB92046FFF718FA03E029462046FFF7D0
:10DD4000DBF904E029462046FFF7D6F900BF00BF03
:10DD5000304670BD10B504464FF48970015D401C1B
:10DD600001550421401E0155D4F8E815C8688047C4
:10DD7000002010BD70B505460C462DB92246064957
:10DD800006A0FFF7B1FB04E02246034903A0FFF71A
:10DD9000ABFB014870BD0000806700204D5343205D
:10DDA000436F6E666967000010B502A001F0F8FBD2
:10DDB00010BD00004D534320496E74657266616367
:10DDC0006520737461727465642E0D0A0000000092
:10DDD00010B501200249087002A001F0E1FB10BD5E
:10DDE000B4010020555342204465766963652043A1
:10DDF0006F6E6E65637465642E0D0A000246122014
:10DE000008800148704700006C01002010B5002018
:10DE10000249087002A001F0C3FB10BDB40100204C
:10DE20005553422044657669636520446973636F86
:10DE30006E6E65637465642E0D0A000010B50446AD
:10DE400014B1012C08D103E006A001F0A9FB07E002
:10DE50000DA001F0A5FB03E014A001F0A1FB00BFA1
:10DE600000BF10BD55534220446576696365204C60
:10DE70006962726172792076312E312E3020205BFA
:10DE800048535D0D0A0000005553422044657669F1
:10DE90006365204C6962726172792076312E312E71
:10DEA0003020205B46535D0D0A0000005553422090
:10DEB000446576696365204C696272617279207687
:10DEC000312E312E3020205B3F3F5D0D0A000000D7
:10DED00010B502A001F064FB10BD00004465766936
:10DEE000636520526573756D65640D0A000000005E
:10DEF0007047704770B505460C462DB92246064955
:10DF000006A0FFF7F1FA04E02246034903A0FFF759
:10DF1000EBFA014870BD0000806700204D5343209C
:10DF2000496E7465726661636500000002460420F4
:10DF300008800148704700008801002070B5054640
:10DF40000C462246024903A0FFF7CEFA004870BDF6
:10DF5000806700205052454348494E0070B5054641
:10DF60000C462DB92246064906A0FFF7BDFA04E08B
:10DF70002246034909A0FFF7B7FA014870BD000027
:10DF8000806700204D6173732053746F7261676501
:10DF900020696E204853204D6F6465005052454300
:10DFA00048494E20555342204361726420526561B6
:10DFB0006465720070B505460C462DB922460649C7
:10DFC00006A0FFF791FA04E02246034907A0FFF7F5
:10DFD0008BFA014870BD000080670020303030307F
:10DFE00030303030303031410000000030303030DF
:10DFF00030303030303031420000000038B5044657
:10E0000043208DF8000000208DF8010003208DF8DA
:10E01000020001208DF803006846FCF7CFFF38BDF1
:10E0200038B5044601210420FDF766FB01210803F1
:10E03000FDF732FB4FF4C050ADF8000003208DF81F
:10E04000020018208DF8030069460248FBF796FF8E
:10E0500038BD00000008014010B504462046FBF71B
:10E0600048FE10BD10B504462046FBF75AFE10BD11
:10E070003EB5044600250020029001900090207AD1
:10E0800001283DD1E068806B0190019820F4803038
:10E090000190607A28B1019820F4801000F580107A
:10E0A00001900198E168886300200290E068C068F0
:10E0B0000290029820F040000290029820F4800024
:10E0C0000290029820F400300290029820F4002080
:10E0D00002900298E168C860204600F061F9E0789B
:10E0E000012843D1009820F01E000A3000900098CB
:10E0F00020F02000203000900098E168886035E032
:10E10000E068C0680290029820F040004030029021
:10E110000298E168C860204600F042F900200190B2
:10E12000019820F4803000F580300190019820F4AF
:10E13000802000F580200190019820F4002000F557
:10E1400000200190019820F4001000F500100190CB
:10E15000607A28B1019820F4801000F580100190B9
:10E160000198E16888631420FFF776FFE0780128C2
:10E170000FD1E06880680090009820F01E000A30FF
:10E180000090009820F02000203000900098E16876
:10E19000886028463EBD70B588B004460026002041
:10E1A000079006900590049003900021D4F80C018C
:10E1B0000160206900680690069820F4C05006901F
:10E1C000069920690160E07A01283DD103212046AB
:10E1D00000F0F8FC8020E1684862059880B200F504
:10E1E0008000059005986FF30F008030059005982A
:10E1F000E1688862059800EB1041049861F30F0014
:10E200000490049880B200F5000004900498E1683E
:10E21000C1F80401049800EB104161F30F00049071
:10E22000049880B204900499E068C0F8081104983A
:10E2300000EB104161F30F000490049880B2049049
:10E240000499E068C0F80C111021204600F070FC21
:10E25000204600F047FC00212069016120694161EE
:10E26000491E2069816100212069C16100252CE0DF
:10E2700004F1180050F82500006807900798C00FB7
:10E2800070B100200790079820F0804000F1804096
:10E290000790079820F0006000F10060079001E00F
:10E2A0000020079004F1180050F82500079901603C
:10E2B000002104F1180050F825000161FF2104F14C
:10E2C000180050F8250081606D1C6078A842CFD8F6
:10E2D00000252CE004F1540050F82500006801905E
:10E2E0000198C00F70B100200190019820F080408B
:10E2F00000F180400190019820F0006000F1006082
:10E30000019001E00020019004F1540050F8250034
:10E3100001990160002104F1540050F825000161C9
:10E32000FF2104F1540050F8250081606D1C6078D5
:10E33000A842CFD800200390039820F4807000F505
:10E34000807003902069006903998843084321691C
:10E350000861E07801281DD100200290029820F089
:10E360000100401C0290029820F00200801C0290E4
:10E370004021029861F38A000290029820F48030D4
:10E3800000F580300290029861F3594002900299A2
:10E3900020690163204600F047FB304608B070BD9D
:10E3A000F8B50446002600250020009000BF032099
:10E3B000FFF758FEE06800690090681C05461349A5
:10E3C000884201D90020F8BD0098C00F0028EED087
:10E3D0000025009820F00100401C00900098E168A2
:10E3E000086100BFE06800690090681C05460749A5
:10E3F000884200D904E0009800F001000028F1D123
:10E4000000BF0320FFF72EFE3046DCE7400D03007F
:10E4100008B50146002000220092009A22F0010275
:10E42000521C0092CA689268009B9A43CB689A601B
:10E4300008BD0EB501460020002200920A699268CC
:10E4400002928A6912680192029AC2F3410232B1C1
:10E45000012A05D0022A09D0032A0DD101E000BF0C
:10E4600000BF019A6FF30A02019205E0019A6FF36F
:10E470000A02D21C019200BF00BF019B8A6913608F
:10E48000009A22F4807202F5807200920A69526842
:10E49000009B9A431A430B695A600EBDFEB50246B3
:10E4A000002000240025029500954D78012D52D1C1
:10E4B00093691D6802951D6900954D6955B9009DC8
:10E4C00025F07F050095009D25F4C01505F5002574
:10E4D000009516E08E684D69B54207D98D684D618B
:10E4E0000E7A009D66F30605009504E00E7D009D02
:10E4F00066F306050095009D25F4C01505F5002579
:10E500000095009D1D61D578012D06D10F7802F18F
:10E51000180555F827500E696E61029D25F080653B
:10E5200005F180650295029D25F0004505F1004545
:10E530000295029D1D60D578002D59D14D69002DA1
:10E5400056D00E780125B5402C4315696D6B2543D7
:10E55000166975634CE00E7802F1540555F82650A3
:10E560002D6802950E7802F1540555F826502D6954
:10E5700000954D695DB90E7A009D66F3060500951C
:10E58000009D25F4C01505F5002500950CE08D686B
:10E590004D610E7A009D66F306050095009D25F4F9
:10E5A000C01505F5002500950F7802F1540555F8C2
:10E5B0002750009E2E61D578012D06D10F7802F1EB
:10E5C000540555F827500E696E61029D25F080654F
:10E5D00005F180650295029D25F0004505F1004595
:10E5E00002950F7802F1540555F82750029E2E60CF
:10E5F000FEBD0EB500210191019921F04041A1F12C
:10E6000080410191019921F4C01101F5002101918E
:10E61000019921F07F0118310191019A416D0A6140
:10E62000C178012915D10021009100F2CC51426D31
:10E630005161416D09680091009921F0004101F19B
:10E64000004100914FF080210091009A416D0A60D5
:10E6500000BF0EBD3CB5024600200024019400948A
:10E660004C78012C0CD10D7802F1180454F82530A7
:10E670000D780124AC40009D64F30F0500950BE07C
:10E680000D7802F1540454F825300D780124AC4083
:10E69000009D64F31F4500951C680194019CC4F320
:10E6A000C034E4B90D89019C65F30A040194CD7866
:10E6B000019C65F3934401948D79019C65F3995411
:10E6C0000194019C24F0805404F180540194019C35
:10E6D00024F4004404F500440194019C1C60146976
:10E6E000E469009D2C431569EC613CBD38B50346D7
:10E6F0000020002400944C78012C05D10D7803F102
:10E70000180454F8252004E00D7803F1540454F85B
:10E71000252014680094009C24F400140094CC7804
:10E72000032C02D0CC78022C05D1009C24F080541C
:10E7300004F180540094009C146038BD3CB502463E
:10E7400000200024019400944C78012C0CD10D7809
:10E7500002F1180454F825300D780124AC40009DD6
:10E7600064F30F0500950BE00D7802F1540454F8A2
:10E7700025300D780124AC40009D64F31F450095C1
:10E78000019C24F400440194019C1C601469E46918
:10E79000009DAC431569EC613CBD38B503460A46A3
:10E7A0000020002400945478012C18D1157803F12E
:10E7B000180454F825100C680094009CE40F2CB148
:10E7C000009C24F0804404F180440094009C24F4D4
:10E7D000001404F500140094009C0C600EE0157801
:10E7E00003F1540454F825100C680094009C24F4A0
:10E7F000001404F500140094009C0C6038BDFEB5B4
:10E8000005460C4600260027002002900190607803
:10E8100001287ED1217805F1180050F82100006808
:10E820000290217805F1180050F82100006901904C
:10E83000606948B901986FF31200019001210198B5
:10E8400061F3DC40019017E06169019861F3120007
:10E8500001906069401EA1680844B0FBF1F1019885
:10E8600061F3DC400190E078012805D1019820F0A7
:10E87000C04000F100500190227805F1180050F8D6
:10E88000220001990161E878012807D1227805F179
:10E89000180050F82200216941610DE0E07801285C
:10E8A0000AD0606940B12178012000FA01F7286997
:10E8B000406B384329694863E078012813D12869FF
:10E8C000806800900098C0F3002030B9029820F0D2
:10E8D000005000F10050029005E0029820F08050B6
:10E8E00000F180500290029820F0806000F180607A
:10E8F0000290029820F0004000F10040029022783F
:10E9000005F1180050F8220002990160E078012812
:10E9100000E008E06CD1A08A83B222782846E16842
:10E9200000F02DFA64E0217805F1540050F8210040
:10E9300000680290217805F1540050F82100006928
:10E940000190606950B9A168019861F312000190CB
:10E950000121019861F3DC40019013E0A068401EA2
:10E9600061690844A168B0FBF1F1019861F3DC40F2
:10E9700001900198C0F3C940A1684843019960F330
:10E9800012010191227805F1540050F822000199FA
:10E990000161E878012806D1227805F1540050F889
:10E9A000220021694161E07801280ED1607930B1FF
:10E9B000029820F0005000F10050029005E002980B
:10E9C00020F0805000F180500290029820F080608A
:10E9D00000F180600290029820F0004000F10040B9
:10E9E0000290227805F1540050F82200029901604B
:10E9F0003046FEBD08B500210091491EC268516035
:10EA00006FF08041C2685161009921F0004101F12D
:10EA100000410091009921F4006101F5006100912D
:10EA20000099C268916108BD38B5044600250020F0
:10EA30000090E16888616FF08040E168486120469D
:10EA4000FFF7D8FFE07820B9009820F010001030D0
:10EA50000090009820F4006000F50060009000989D
:10EA600020F4805000F580500090009820F4005071
:10EA700000F500500090009820F4802000F58020E0
:10EA80000090009820F4002000F5002000900098ED
:10EA900020F0080008300090009820F4801000F565
:10EAA00080100090009820F4001000F500100090F5
:10EAB000E0688069009988430843E16888612846D6
:10EAC00038BD08B50146002000220092009A22F0CD
:10EAD0000102521C0092CA689268009B1A43CB68DC
:10EAE0009A6008BDF8B50446002500260020009075
:10EAF000009820F01000103000900098E168086144
:10EB000000BFE06800690090701C06460749884213
:10EB100000D904E00098C0F300100028F1D100BF34
:10EB20000320FFF79FFA2846F8BD0000400D0300C0
:10EB3000F8B504460D4600260027002000900098F6
:10EB400020F0200020300090009865F38A1000909B
:10EB50000098E168086100BFE06800690090781CD7
:10EB600007460749884200D904E00098C0F34010E6
:10EB70000028F1D100BF0320FFF774FA3046F8BD3A
:10EB8000400D030008B5014600200A699268009212
:10EB9000009AC2F3410232B1012A06D0022A07D0FC
:10EBA000032A07D102E0032004E000BF022001E0B5
:10EBB000012000BF00BF08BD0146C868406900F0E1
:10EBC0000100704708B5026912680092009A61F36B
:10EBD00001020092009B0269136008BD00B5024665
:10EBE0001046FFF7E9FF012801D0012000BD0020F9
:10EBF000FCE701460020CA685069CA689269104063
:10EC000070470146086982690869C069024090B28C
:10EC100070470146086982690869C0690240100CA2
:10EC20007047024602F1540353F821309868136983
:10EC30005B6918407047F0B503460024D01CC71725
:10EC400000EB9777BD10D3F8D06000BF03E03068C9
:10EC50000860641C091DAC42F9D30846F0BD0000F1
:10EC600070B502460C46002300200025D570012512
:10EC7000957040259580012C0CD14FF0A0430125C3
:10EC8000D57208251570042555709D15D58002256F
:10EC900015720AE04CB9254B0025D5720C2515706C
:10ECA000062555704FF4A065D580D36003F5006547
:10ECB0001561002110E003F5106505EB411602F126
:10ECC000180545F8216003F5306505EB411602F1A2
:10ECD000540545F82160491C55788D42EBD803F561
:10ECE000806555614035C2F8CC50002108E003F53D
:10ECF000A06505EB411602F1900545F82160491C1D
:10ED000015788D42F3D8002108E003F5805505EB16
:10ED1000013602F1D00545F82160491C15788D4275
:10ED2000F3D803F56065C2F80C5170BD00000440D3
:10ED3000F8B504460D460026E068C06800900098CB
:10ED400020F000500090009820F080400090012DAD
:10ED500006D1009820F0005000F10050009006E02D
:10ED60002DB9009820F0804000F18040009000987C
:10ED7000E168C8603220FFF76FF93046F8BD2DE931
:10ED8000F04104460026E078B0B900270020DD1CE1
:10ED90004FEAE57805EB98784FEAA80704F1D0052B
:10EDA00055F822C000BF04E00D68CCF80050401CAC
:10EDB000091DB842F8D300BF3046BDE8F08100001D
:10EDC0000BE000BF0749098801F040010029F9D094
:10EDD0000178044A121D1180401C01780029F0D1ED
:10EDE000704700000038014000BFFEE710B500F09A
:10EDF000FDF8FCF783F8C720FCF78AF8FCF783F8E6
:10EE000000F07EF810BD10B5FCF734F810BD2DE908
:10EE1000F04104460E46174600F0E8F8FCF76EF89D
:10EE20000220FCF775F8C4F30740FCF771F8C4F34F
:10EE30000720FCF76DF8E0B2FCF76AF8002504E063
:10EE4000705DFCF765F8681C85B2BD42F8DBFCF725
:10EE50005AF800F055F8BDE8F0812DE9F04104467C
:10EE60000E461746FCF74AF80320FCF751F8C4F3A6
:10EE70000740FCF74DF8C4F30720FCF749F8E0B26F
:10EE8000FCF746F8002504E0FF20FCF741F8705538
:10EE90006D1CBD42F8D3FCF736F8BDE8F08170B5C3
:10EEA0000446FCF72BF89F20FCF732F8FF20FCF714
:10EEB0002FF82070FF20FCF72BF80546FF20FCF709
:10EEC00027F80646FCF71FF846EA052070BD10B586
:10EED000044600F08BF8FCF711F82020FCF718F836
:10EEE000C4F30740FCF714F8C4F30720FCF710F84C
:10EEF000E0B2FCF70DF8FCF706F800F001F810BDE1
:10EF000010B5FBF7FBFF0520FCF702F8074C02E009
:10EF1000641E04B906E0FF20FBF7FAFF00F00100D1
:10EF20000028F5D100BFFBF7EEFF10BDA086010061
:10EF30002DE9F05F82460F461646DFF8AC904FEAA7
:10EF40001738C7F30B0BCBF58054A64200DC3446D0
:10EF500045E04FEA08304FF480524946FFF77DFF05
:10EF6000002508E00BEB050019F80000FF2800D091
:10EF700003E0681C85B2A542F4DB00BFA54217DAA6
:10EF80004FEA0830FFF7A3FF002507E01AF8050055
:10EF900005EB0B0109F80100681C85B2A542F5DB01
:10EFA0004FEA08314FF48052484600F028F804E058
:10EFB00022463946504600F022F8A64200D10FE022
:10EFC00008F101084FF0000BA2442744301B86B221
:10EFD000B6F5805F02DD4FF4805400E03446B8E7B8
:10EFE00000BFBDE8F09F0000490F002010B5FBF7FF
:10EFF00085FF0620FBF78CFFFBF785FF10BD2DE991
:10F00000F04107460E461446F0B2C0F58075AC429A
:10F0100000DC254612E02A4639463046FFF7F7FE67
:10F02000AC4200D10BE02F442E44601B84B2B4F5F7
:10F03000807F02DD4FF4807500E02546EBE700BFDE
:10F04000BDE8F0817FB504460D460F480F490A68B8
:10F0500002608A888280897981714FF480600C4BCC
:10F060002A46214600900848FBF7C4F80848F8F7FC
:10F0700063F90646324607A101A800F0BBFA04492D
:10F0800001A8F9F7BBFC7FBDEC0E00207100002049
:10F09000EC0400202564000070B5002400205949CC
:10F0A00008700F205849087008215848FCF780FC68
:10F0B00005E01420FAF71DFE04F1140084B2524852
:10F0C0000078401E4F490978884202DDB4F5FA7F86
:10F0D000EFDB4D480078801E81B24D48FBF702FE01
:10F0E0004C4908804A480078152870D14848407833
:10F0F00003286CD14648407B4549897B40EA012082
:10F1000044490988884262D13F4801784248F8F76B
:10F11000ECF80A20FAF705FE4E20404908703A48FC
:10F1200002783B493C48F8F7C7F80A20FAF7F9FD9E
:10F1300039490979384AD27841EA022108B2F8F708
:10F1400099FA05463649F8F7B0F9364988603249E8
:10F150008979314A527941EA0220F8F78BFA05465B
:10F160002F49F8F7A2F92F49C1F80D002A49897AE9
:10F17000294A527A41EA0220F8F77CFA05462849E2
:10F18000F8F761F92749C1F817002349097A224A9B
:10F19000D27941EA0220F8F76DFA05462249F8F7DC
:10F1A00084F92049C1F821001B49097B1A4AD27A07
:10F1B00041EA0220F8F75EFA1A49C1F8260012481F
:10F1C0000178491C1248F8F790F803E0FFE7422065
:10F1D0001249087011480178124801730F480178EC
:10F1E000104841740D4801780E48C1760B480178EB
:10F1F0000C4880F82510094801780A4880F82A1040
:10F2000070BD0000210000202200002038000020F6
:10F210001C0F0020400000203A0F00204200002078
:10F2200000002041EC0E00200000C84210B509A0EB
:10F2300000F0B6F9002406E00948015D09A000F0DD
:10F24000AFF9601CC4B20F2CF6DB08A000F0A8F9DF
:10F2500010BD0000576561746865723A00000000D7
:10F260003A0F002030782530325820000D0A000077
:10F2700070B5002400203349087007203249087017
:10F2800008213248FCF794FB05E01420FAF731FD21
:10F2900004F1140084B22C480078401E29490978F2
:10F2A000884202DDB4F5967FEFDB27480078801EA8
:10F2B00081B22748FBF716FD2649088024480078CC
:10F2C000122836D122484078032832D1204840798C
:10F2D0001F49897940EA01201E490988884228D1BE
:10F2E000194801781C48F8F700F80A20FAF719FDC8
:10F2F0004E201A4908701448027815491648F7F745
:10F30000DBFF0A20FAF70DFD13490979124AD2787A
:10F3100041EA0220F8F7AEF905461149F8F7C5F8B9
:10F320001049C86108480178491C0948F7F7DDFF12
:10F3300002E042200949087008480178094880F82D
:10F34000201070BD21000020220000204B00002072
:10F350001C0F002054000020440000205600002014
:10F3600000002041EC0E002010B509A000F018F9B3
:10F37000002406E00A48015D0AA000F011F9601CB3
:10F38000C4B2072CF6DB09A000F00AF910BD00009A
:10F3900057696E64446972656374696F6E3A000000
:10F3A0004400002030782530325820000D0A00003B
:10F3B00070B50024002036490870072035490870D0
:10F3C00008213548FCF7F4FA3448002101608180B7
:10F3D000817105E01420FAF78CFC04F1140084B26A
:10F3E0002C480078401E2A490978884202DDB4F58D
:10F3F000967FEFDB27480078801E81B22848FBF714
:10F4000071FC2849088026480078132837D1244801
:10F410004078032833D1224840792149897940EA4C
:10F42000012020490988884229D11A4801781B48BF
:10F43000F7F75BFF0A20FAF774FC4E201A490870B0
:10F440001448027816491548F7F736FF0A20FAF7EC
:10F4500068FC12490979114AD27841EA0220F8F78A
:10F4600009F905461149F8F720F81149C1F81200C9
:10F4700008480178491C0A48F7F737FF02E04220A4
:10F4800009490870084801780948817570BD000075
:10F4900021000020220000202B000020240000205A
:10F4A0001C0F002034000020360000200000204106
:10F4B000EC0E002010B509A000F072F8002406E060
:10F4C0000948015D09A000F06BF8601CC4B2072C6C
:10F4D000F6DB08A000F064F810BD000057696E6408
:10F4E00053706565643A00002400002030782530B0
:10F4F000325820000D0A000010B5FBF733F808B9A8
:10F50000002010BD6420FAF7FFFFFBF771F818B96F
:10F51000FBF750F80020F4E70F20FAF7F5FFFBF7B0
:10F5200067F80020FAF7F0FFFBF762F80020FAF71F
:10F53000EBFFFBF75DF8FBF73DF80120E1E710B5C5
:10F54000FBF710F808B9002010BD6420FAF7DCFFC3
:10F55000FBF74EF818B9FBF72DF80020F4E7102060
:10F56000FAF7D2FFFBF744F88020FAF7CDFFFBF75C
:10F570003FF8FBF71FF8FAF7F5FF6420FAF7C4FF2E
:10F58000FBF736F80F20FAF7BFFFFBF731F88420BE
:10F59000FAF7BAFFFBF72CF8FBF70CF80120D3E7DA
:10F5A0000FB4054B10B503A9044A029800F020F9E6
:10F5B00010BC5DF814FB0000E91A0108D40100201A
:10F5C0000FB47CB50C0009AD01D0611E00E0002134
:10F5D000CDE90001064B6A462946089800F008F973
:10F5E000002C02D0009A002111707CBC5DF814FB45
:10F5F000F7FE00080FB4084B10B504A902AA03983F
:10F6000000F0F6F8044602A9002000F07FFC204636
:10F6100010BC5DF814FB00000DFF000800487047A7
:10F62000D80100200148006870470000D801002080
:10F6300002E008C8121F08C1002AFAD170477047BB
:10F64000002001E001C1121F002AFBD17047000019
:10F650000149086070470000D80100202DE9FF5FD4
:10F6600082B00021DDE90430020DDDF840B0034333
:10F6700018D044F61050A2F2FF32424315141198EC
:10F6800001281FD0A5EB0B00401C5FEA000A4FF0D9
:10F6900000064E4FDFF83891B046504615D5CAF1F6
:10F6A000000413E0119801244AA3012801D16FEA54
:10F6B0000B010298119AC0E90031C0E9024206B07C
:10F6C000BDE8F09FCBF10000DFE704460021404A8F
:10F6D000491842EB0450CDE9001012E0E00707D0D2
:10F6E00032463B4640464946F8F7DCF980468946B3
:10F6F00032463B4610461946F8F7D4F906460F46FF
:10F700006410002CEAD1DDE90401DDE90023BAF13F
:10F71000000F06DAF8F7C6F942464B46F8F7C2F989
:10F7200005E0F8F731FA42464B46F8F72DFA044661
:10F730000E460022284BF7F7BFFF03D84FF0FF30EB
:10F74000014607E00022254B20463146F7F7EBFE45
:10F75000F8F789FA102409E0002C0ADB0A220023BA
:10F76000F7F724FD039B30321A55641E50EA01025C
:10F77000F2D1641C039AC4F111031444119A012AB2
:10F7800003D0012208430DD10AE0084304D0002031
:10F790004FF0110B119072E7A3EB0B056D1E0DE0FE
:10F7A0005B4504DD4FF0000205F1010504E003DADA
:10F7B0004FF00002A5F10105002AECD00298119942
:10F7C000C0E90231C0E9004579E7000000001440BB
:10F7D0000000F03F300000000000F0430000E03F78
:10F7E00030380A2801D201207047002070470000FD
:10F7F0002DE9FF4F95B09A46884606460025EEE172
:10F80000252877D100242746F94A0121039400E0F6
:10F81000044316F8013F203B01FA03F01042F7D1F0
:10F8200030782A2811D06FF02F033078A0F1300201
:10F83000092A16D8039A44F0020402EB820203EB71
:10F8400042021044761C0390EFE758F8042B039211
:10F85000002A03DA504244F40054039044F00204B6
:10F86000761C30782E2816D116F8010F44F00404C7
:10F870002A280DD06FF02F023078A0F13003092B29
:10F8800009D807EB870302EB4303C718761CF3E79D
:10F8900058F8047B761C30786C280FD006DC4C2896
:10F8A00017D068280DD06A2814D104E0742810D02D
:10F8B0007A280FD10DE044F400140AE044F48014D7
:10F8C00001E044F440147278824202D104F58014BD
:10F8D000761C761C307866280BD013DC582877D03D
:10F8E00009DC002875D04528F6D04628F4D04728F2
:10F8F0001AD193E118E0632835D0642879D06528BF
:10F9000012D18BE1702873D008DC6728F1D0692808
:10F910006FD06E280DD06F2806D1ACE073282CD0A4
:10F92000752874D0782853D05246179990476D1C8B
:10F9300054E1C4F30250022809D003280DD0D8F8AE
:10F94000001004280DD00D6008F1040846E1D8F835
:10F950000010EA17C1E90052F6E7D8F800100D8050
:10F96000F2E70D70F0E718F8041B8DF80010002086
:10F970008DF80100EB46012003E058F804BB4FF07E
:10F98000FF3061074FF0000102D40DE009F10101E1
:10F990008946B9420FDA8145F8DB1BF809100029C6
:10F9A000F4D108E009F1010189468142FADB1BF834
:10F9B00009100029F6D103985346A0EB0907214608
:10F9C0003846179A00F080FA284400EB090507E052
:10F9D00044E008E10DE01BF8010B524617999047EF
:10F9E000B9F10109F7D2534621463846179AF2E099
:10F9F00039E00A21C4F302524FF0000B0091022AB1
:10FA000006D058F8040BC117032A09D00AE023E0F6
:10FA100008F1070020F00702F2E80201904605E035
:10FA200000B2C117042A01D140B2C117002906DA79
:10FA30000A460021404261EB02012D2202E022052C
:10FA400004D52B228DF80420012203E0E20701D027
:10FA50002022F7E7914657E00A2100E010214FF0FD
:10FA6000000B00910BE010214FF0000B44F0040458
:10FA70000827009103E008204FF0000B0090C4F32A
:10FA80000252022A05D058F8040B0021032A08D09C
:10FA900008E008F1070020F00702F2E802019046B2
:10FAA00003E080B2042A00D1C0B24FF0000922075F
:10FAB0002AD53278702A07D0DDF800C08CF0100CFF
:10FAC0005CEA0B0C05D00EE040228DF804200122E8
:10FAD00008E050EA010306D030238DF804308DF899
:10FAE000052002229146009B83F0080353EA0B0392
:10FAF0000AD150EA010201D1620705D530228DF802
:10FB000004204FF001097F1E3278582A04D039A210
:10FB10000C920CAA02920BE03BA2F9E75B46009A1A
:10FB2000F7F744FB0C9B9B5C029A521E02921370E7
:10FB300050EA0102F2D1029804A9081A00F1200B40
:10FB4000600702D524F4803400E001275F4502DD20
:10FB5000A7EB0B0000E0002000EB0B0100900398E6
:10FB60004944401A0390E00306D453462146179AAD
:10FB7000039800F0A9F90544002706E001A85246C1
:10FB8000C05D179990476D1C7F1C4F45F6DBE00365
:10FB90000CD553462146179A039800F095F9054471
:10FBA00004E030205246179990476D1C0099481E7A
:10FBB00000900029F5DC08E002980299524600788E
:10FBC000491C0291179990476D1CBBF10001ABF1E4
:10FBD000010BF1DC5BE100F065F90544761C30783F
:10FBE00000287FF40DAE19B02846BDE8F08F000064
:10FBF0000928010030313233343536373839616203
:10FC000063646566000000003031323334353637C6
:10FC1000383941424344454600000000600700D4A3
:10FC2000062708F1070020F00700F0E802238046CD
:10FC300003F0004C5FEA0C0001D097A009E020051A
:10FC400001D596A005E0E00701D095A001E0AFF254
:10FC50004C001390307823F0004365280CD006DC6C
:10FC6000452809D046281DD047287FD13BE066288B
:10FC700018D067287AD136E00021112F01DB11203E
:10FC800000E0781CCDE9000104A90CA8FFF7E6FC10
:10FC9000DDE90D010C9A4FF0000B07F101091092FC
:10FCA00000914EE04FF000400097CDE9011004A90B
:10FCB0000CA8FFF7D3FCDDE90D020C9B0F994FF068
:10FCC000000B91461093009211B9791C00EB0109C9
:10FCD000B7EB090003D4C0F1FF3B07F10109A9EB21
:10FCE0000700019042E0012F00DA01270021112FC7
:10FCF00001DD112000E03846CDE9000104A90CA87F
:10FD0000FFF7ACFCDDE90D010C9A00914FF0000B00
:10FD1000B946109221070FD4009A4A4503DA91465A
:10FD200001E0A9F10109B9F1010F05DD109AA9F16E
:10FD30000101515C3029F4D0B84202DA10F1040F0D
:10FD400003DA0121CDE9011010E0002803DC83442F
:10FD5000A9EB000102E0411C494500DD8946A0EB0A
:10FD60000B00401C01904FF000400290200705D48A
:10FD70000198484502DB4FF0FF30019000208DF8DC
:10FD80004B0002980DF14B07B0F1004F25D0022037
:10FD90000C902B200D90029800280CDA4042029023
:10FDA0002D200D9007E00A210298F7F7CDFC3031A5
:10FDB000029007F8011D0C99481E0C900029F2DCF6
:10FDC00002980028EFD1791E0D980870307800F065
:10FDD000200040F0450007F8020D11A8C01BC01D0F
:10FDE00002901398007800B1012000EB09010198FE
:10FDF00001EBE071029801440398401A401E039001
:10FE0000E00306D453462146179A039800F05CF8A5
:10FE100005441398007818B15246179990476D1C05
:10FE2000E00323D553462146179A039800F04CF877
:10FE300005441BE0BBF1000F07DB0098584504DDCB
:10FE40001098179910F80B0001E0179930205246CE
:10FE5000904701980BF1010B401E05F1010501903F
:10FE600004D12E205246179990476D1CB9F100011C
:10FE7000A9F10109DEDC05E017F8010B52461799DC
:10FE800090476D1C0299481E02900029F4DC5346ED
:10FE90002146179A03989EE62D0000002B000000D3
:10FEA000200000002DE9F041044600251E461746BB
:10FEB000880404D405E039462020B0476D1C641E38
:10FEC000F9D52846BDE8F0812DE9F041044600252A
:10FED0001E469046C80301D5302700E0202788043D
:10FEE00004D505E041463846B0476D1C641EF9D57F
:10FEF0002846BDE8F0814A68002A06D00A68531CEB
:10FF00000B6010704868401E486070470A68531CB8
:10FF10000B601070704730B583B00446FFF782FB6A
:10FF200005460020CDE90000024621466846F7F765
:10FF3000BAFC2846FFF78CFBDDE9000103B030BDB9
:10FF40002DE9F0410446884600202071401E2062C1
:10FF50004146204602F0BEF910B10420BDE8F08110
:10FF600004F2322001F0D4FE074694F83450EB2D11
:10FF700003D0E92D01D0E82D43D14AF65520874220
:10FF800008D1082223A104F18600F7F7EAF908B99D
:10FF90000020E3E704F13F0001F0BAFE06464120ED
:10FFA000055D701E304060BBB6F5007F29DBB6F5FD
:10FFB000805F26DC2DB3681E284010BB04F1420090
:10FFC00001F0A6FEE8B14420005D401E012818D8CB
:10FFD00004F1450001F09CFE98B104F1470001F0E6
:10FFE00097FE802806DA04F1540001F097FEB0F580
:10FFF000803F06D304F14A0001F08AFE08B10020D8
:020000040801F1
:10000000ACE74AF65520874201D10220A6E703203B
:10001000A4E70000464154333220202000000000B5
:100020000246891E9069801E884201D800207047D0
:100030005389106B03FB0100F9E72DE9F047824675
:100040008846DAF80040B8F1000F06D1276917B1E9
:10005000A069B84215D8012713E04146504601F087
:1000600077FD0546022D02D20120BDE8F087681C0D
:1000700008B92846F9E7A069A84201D92846F4E75B
:100080004746606908B90020EFE70026474518D1C8
:100090007E1CA069B04200D802263146504601F0CD
:1000A00057FD0546012D01D0681C08B92846DCE73C
:1000B0003DB12569022D03D3A069A84200D92F467E
:1000C0000026E6B93E4600BF761CA069B04204D8BF
:1000D0000226BE4201D90020C7E73146504601F052
:1000E00037FD054605B909E0012D01D0681C08B9A6
:1000F0002846BAE7BE42E7D10020B6E700BF4FF07E
:10010000FF323146204602F0FFF88146B9F1000F78
:1001100008D1B8F1000F05D032464146204602F022
:10012000F3F88146B9F1000F0FD126616069A0B1E3
:10013000D4E90510801E81420FD86069401E6061BD
:10014000607940F00100607107E0B9F1010F02D160
:100150004FF0FF3000E001200646304685E7000002
:100160002DE9F35F8946D9F80080009800F1200559
:1001700020220B212846F7F7B1F800200746064653
:100180004FF0080B00BF3046761C18F80040202CBA
:1001900000DC4AE02F2C01D05C2C0AD100E0761C58
:1001A00018F806002F28FAD018F806005C28F6D0B8
:1001B0003BE02E2C01D05F450BD3BBF10B0F01D0E0
:1001C0002E2C02D00620BDE8FC9F08274FF00B0B19
:1001D000D9E7204600F0F8F8A8B13046761C18F8A8
:1001E00000A0504600F00AF918B1ABF10100B84286
:1001F00001D80620E7E738467F1C2C5438467F1C80
:1002000005F800A010E0214614A0F7F78BF808B11C
:100210000620D8E7612C04DB7A2C02DCA4F1200054
:10022000C4B238467F1C2C54ADE700BF08EB060073
:10023000C9F800000FB90620C5E72878E52801D1E4
:1002400005202870202C03DD18F80600202801DC8A
:10025000042000E00020E8720020B4E72A2B2C3AAA
:100260003B3C3D3E5B5D7C223F7F00002DE9FF4F24
:1002700085B09A4603AA0121059800F066FA18B1E4
:10028000012009B0BDE8F08FDDF80C904FF03F0879
:10029000082701E07806070E37B1B9FBF7F0B0FB8D
:1002A000F8F0B0F5806FF5D807B9FF274FF480510B
:1002B0005046F7F71AF80AF5DF764FF0000B444680
:1002C00069E0069850F82B50642D07D801D14846B4
:1002D00003E06420B9FBF0F0684305466019484527
:1002E00001D8601901D3A9EB040505B959E02146ED
:1002F00006F1080002F05AF9294606F10C0002F056
:1003000055F907983071B4FBF8F0B0FBF7F00490A2
:10031000B4FBF8F0B0FBF7F107FB1100C0B202909C
:10032000B4FBF8F008FB1040401CC0B201900298EA
:100330007070C021049801EA900001990843B070E0
:100340000498F0706019401EB0FBF8F0B0FBF7F0B5
:1003500004906019401EB0FBF8F0B0FBF7F107FB0A
:100360001100C0B202906019401EB0FBF8F108FB0A
:100370001100401CC0B2019002987071C021049815
:1003800001EA900001990843B0710498F0711036A9
:100390000BF1010B2C44BBF1040F02D20CB14C4504
:1003A0008FD300BF4AF655210AF5FF7002F0F8F826
:1003B000012300225146059800F02EFA08B10120D1
:1003C0005FE700205DE7000001460B4800788842A7
:1003D0000FDC09484078884201DB0120704706485D
:1003E0008078884205DC0448C078884201DB01201F
:1003F000F4E70020F2E70000002901080146104858
:100400000079884219DC0E484079884201DB0120DE
:1004100070470B488079884205DC0948C0798842DA
:1004200001DB0120F4E70648007A884205DC044835
:10043000407A884201DB0120EAE70020E8E700007B
:10044000002901082DE9F04104460E46D4F8008049
:100450000021204600F019F90546EDB9002700BF3C
:100460004046A16901F036FF054605B113E0E06999
:100470000078E52802D0E069007820B9781C0746AA
:10048000B04201D107E000270121204600F06FF8BB
:100490000546002DE4D000BF042D00D107252846D5
:1004A000BDE8F0812DE9F04704468946204602F078
:1004B000E3F810B10120BDE8F08749462046FFF778
:1004C000AFFD064626624FF4805104F13400F6F782
:1004D0000CFF04F134080127002500E03D44608949
:1004E000A84207D9721960783B46414600F094F95A
:1004F0000028F3D06089A84201D00120DBE700206A
:10050000D9E72DE9F041044627680021204600F094
:10051000BCF8054615B12846BDE8F08100BF384655
:10052000A16901F0D7FE054605B11DE0E069067836
:100530000EB9042518E0E069C07A00F03F00A07110
:10054000E069C07A00F0080038B90B2204F12001FC
:10055000E069F6F706FF00B906E00021204600F04A
:1005600006F80546002DDAD000BF2846D4E72DE96D
:10057000F041044688462668206900F12007B7F557
:10058000001F01D30020A061A06910B90420BDE8BC
:10059000F081B089B7FBF0F100FB1170002847D162
:1005A000A069401CA061606938B93089B0EB571F61
:1005B0003ED80020A0610420E9E7B089B7FBF0F045
:1005C0007189491E084098BB2046616901F0C0FA54
:1005D0000546012D01D80220D9E7681C08B9012081
:1005E000D5E7B069A8421DD8B8F1000F03D10020AB
:1005F000A0610420CBE720466169FFF71EFD054698
:100600000DB90720C3E7012D01D10220BFE7681C07
:1006100008B90120BBE729463046FFF743FF08B180
:100620000120B4E7656129463046FFF7F9FCA06177
:100630002761B089B7FBF0F100FB117106F13400BE
:100640000844E0610020A2E770B504462668012155
:100650002046FFF7F7FE0546ADB93046A16901F027
:1006600039FE05467DB92021E069F6F73EFEE069D6
:10067000216A0160616A4160218D018194F82A102C
:10068000817201203071284670BD2DE9F041044689
:100690000E462568B6F5001F02D206F01F0010B105
:1006A0000220BDE8F0812661A7681FB928780328D9
:1006B00000DBEF6A47B92889B0EB561F01D802204A
:1006C000EFE7E86AA0611DE06889A98900FB01F8ED
:1006D00011E03946204601F03BFA0746781C08B97C
:1006E0000120DEE7022F02D3A869B84201D8022018
:1006F000D7E7A6EB08064645EBD239462846FFF772
:100700008FFCA0616761A06908B90220C9E7A889C8
:10071000B6FBF0F0A1690844A061A889B6FBF0F12E
:1007200000FB116105F134000844E0610020B8E7E6
:1007300010B504463CB972B6FEF765FB62B6002000
:1007400000F036F810BD0120FCE710B50346C3B930
:1007500089B1012904D0022909D003290DD103E070
:100760004FF48050106008E00120106005E04FF465
:100770008050106001E0002400BF00BF002420462C
:1007800010BD0420FCE72DE9F041044688461546DB
:100790001E4654B972B6320328034146FEF75DFB8C
:1007A00062B600273846BDE8F0810420FBE7000070
:1007B00070B50446114D124E05B136B93246294680
:1007C00010A0FEF7EDFE00BFFEE7A4B972B60B481D
:1007D000FEF765FB0A49088062B608480078EF28F2
:1007E00007D10748008844F21801884201D100204F
:1007F00070BD0220FCE70120FAE700008000002025
:1008000082000020494420707472206E756C6C2048
:1008100025702025700A00002DE9F04105460E469E
:1008200017461C4675B972B64FF6FF7000EA0432DF
:1008300039033046FEF77CFB62B64FF000084046B5
:10084000BDE8F0810420FBE70A49D1F80411FF2933
:1008500004D90021074AC2F804110AE00549D1F879
:100860000421D1F80411491C024BC3F804111946A4
:1008700088547047DC01002038B50546284600F052
:10088000D7FE04463CB96946284601F0CBFF044632
:100890000CB900202860204638BD38B504466946AA
:1008A000204601F0BFFF05460DB900202060284614
:1008B00038BD2DE9F74F86B089469246002205A93A
:1008C00006A801F08DFB8046B8F1000F6FD10598A6
:1008D000CAF800000598D0E90510801E814204D8AE
:1008E00005984069C9F8000061E000250598007886
:1008F00001281BD102260598019000BF314601A8AE
:1009000001F026F90746781C10B94FF001080CE0F9
:10091000012F02D14FF0020807E007B96D1C701CCF
:100920000646059989698842E8D333E005988669C7
:100930000598D0F828B0002400BF54B959460BF1EF
:10094000010B059801F0C6FC8046B8F1000F00D0FD
:100950001FE005980078022808D10599343108195C
:1009600001F0D6F900B96D1CA41C09E005993431D9
:10097000081901F0D3F920F0704000B96D1C241D56
:1009800005988089B4FBF0F100FB1144701E061E2F
:10099000D3D100BFB8F1000F09D1C9F800500598B4
:1009A00045610598407940F001000599487140463D
:1009B00009B0BDE8F08F2DE9F84F04460E466946B0
:1009C000204601F02FFF8246BAF1000F01D194F8C2
:1009D00011A0BAF1000F02D05046BDE8F88FE068D0
:1009E000B04204D2207C00F0020000B9E668D4F8DE
:1009F00014904FF00008C4F81480002E72D00098B4
:100A000040890099898900FB01F7B9F1000F11D0E5
:100A1000701EB0FBF7F1A9F10100B0FBF7F08142C5
:100A200008D3A9F10100791E884360616069361A14
:100A3000A56912E0A5687DB900212046FFF7FDFAFF
:100A40000546012D02D102206074C6E7681C10B96A
:100A500001206074C1E7A560A561002D42D024E0AB
:100A6000F61B606938446061207C00F0020040B1F0
:100A700000BF29462046FFF7E0FA054635B90026B3
:100A800015E02946204601F063F80546681C10B9B8
:100A900001206074A1E7012D03D900988069A84264
:100AA00002D80220607498E7A561BE42D8D800BF82
:100AB00060693044606100988089B6FBF0F100FB0A
:100AC000116078B129460098FFF7AAFA8046B8F17C
:100AD000000F02D1022060747FE700988089B6FB86
:100AE000F0F08044E1686069884205D96069E0609F
:100AF000207C40F040002074606900998989B0FB37
:100B0000F1F201FB120020B3E069404521D0207CC6
:100B100000F0800078B1E26900994878012304F17F
:100B20002801FFF779FE10B10120607455E7207CA1
:100B300000F07F002074009948780123424604F1B8
:100B40002801FFF720FE10B10120607445E7C4F8CA
:100B50001C80504641E7F1B590B002220FA910A8C1
:100B600001F03EFA0446002C7BD10F98049004A8B3
:100B7000109900F065FF044644B99DF83B0000F071
:100B8000A00008B1062000E008200446042C6ED125
:100B90000F98009000216846FFF74FFA05460024A1
:100BA00005B90724012D00D10224681C00B90124D5
:100BB00001F067F80746BCBB29460F98FFF772FCA7
:100BC00004468CBB20220B210F983430F6F786FBAD
:100BD0002E200F9981F8340010210F9880F83F10D3
:100BE00039460F984A3001F0E1FC2A460F9934311A
:100BF0000F9801F0E7FC20220F9934310F98543000
:100C0000F6F75AFB2E210F9880F85510069E3246B3
:100C10000F9954310F9801F0D5FC01200F990871FC
:100C200004A8FFF711FD0446E4B90B9901F10E0089
:100C3000394601F0BBFC0B9901F11600394601F071
:100C4000B5FC2A460B990F9801F0BCFC10200B99BB
:100C5000C87201200F9908711CB90F9801F0C4FCEB
:100C6000044604E000222946684601F015FC2046AF
:100C700011B0F0BD2DE9FF4F99B00E4619A801F053
:100C80001EF803900398002803DA0B201DB0BDE87E
:100C9000F08FFE49039851F8200028B10021FB4A4B
:100CA000039852F8200001700398C0B216900020FB
:100CB00015901698FFF73CFD0290029800F0010095
:100CC00008B10320E2E7029800F0040008B10A200E
:100CD000DCE706B9EE4E70681290129820B912AA9D
:100CE00003211698FFF731FD129840B11298B0F524
:100CF000004F04D81298401E1299084008B10120F4
:100D0000129014AA02211698FFF71FFD08B10120C6
:100D1000BCE7BDF85000B0F5805F0BDCBDF85000BB
:100D2000B0F5007F06DBBDF85000401EBDF8501046
:100D3000084008B10120A9E7307800F00F001890B2
:100D40007078012804DB7078022801DC707800E0FC
:100D500001200590B16889B1B168B1F5004F0DD897
:100D6000BDF85000C11700EBD1614911B268B2FB68
:100D7000F1F301FB132109B9B16801E04FF40071EF
:100D80000491F068B0F1807F05D8F068411E0840FA
:100D900008B9F06800E000200690BDF850100698F1
:100DA000B0FBF1F00690BDF850101C98B0FBF1F0CC
:100DB0001390139808B9112068E71B9C0CB91120F7
:100DC00064E74FF0000ACDF83CA000BF0FAA012154
:100DD0001698FFF7BAFC08B1012057E7189800F001
:100DE000080040B90F983F2805D94FF03F0A0F98E7
:100DF000A0EB0A000F900F98802801D20E2045E743
:100E000000BF00BF0698802801D98020069018985E
:100E100000F0020028B1189800F0010008B903277B
:100E200007E0189800F0010008B913202EE7022708
:100E300000BF00BF00F025FF0F990844109000BFCD
:100E4000069D032F2DD195B90F984FEA50494FF0C9
:100E5000000B012502E00BF1010B6D008D4830F80D
:100E60001B0020B18B4830F81B004845F3D90F9880
:100E7000B0FBF5F8082000EB8800BDF850100844DE
:100E8000401EB0FBF1F00890202009900020079050
:100E90004FF6F570804502D97F48804539D90E203C
:100EA000F4E695B90F984FEA10394FF0000B012581
:100EB00002E00BF1010B6D00784830F81B0020B107
:100EC000764830F81B004845F3D90F98B0FBF5F889
:100ED00040F6F570804503D9042000EB480906E090
:100EE000012708EB4800401C032101EB5009BDF825
:100EF00050004844401EBDF85010B0FBF1F008907F
:100F00000120099004984001BDF85010B0FBF1F0A9
:100F10000790099850440E90059A08990E9801FB85
:100F20000201079808440D9012990D980844401E3C
:100F3000491E20EA01010D98A1EB0009032F06D1FB
:100F40000998484409900E9848440E9013E005987B
:100F5000B9FBF0F100FB119038B1A9F10109099832
:100F6000401C09900E98401C0E900598B9FBF0F1BA
:100F70000898084408900D9800EB0510A0EB0A00B3
:100F80000F99884201D90E2080E60F9909980A1A14
:100F90000599089800FB11210798081AB0FBF5F88D
:100FA000032F0BD14FF6F570804507D8069818B976
:100FB0006808069000B135E00E2067E6022F28D1C0
:100FC0004FF6F570804517D9069830B94020B0EB40
:100FD000450F02D36800069024E0189800F0020044
:100FE00008B103271EE0069820B968000690802803
:100FF00000D817E00E2049E640F6F570804508D885
:10100000069820B968000690802800D80AE00E20D3
:101010003CE6012F05D140F6F570804501D90E2040
:1010200034E600E00CE700BFBDF850102046F6F7AC
:101030005CF91BA001682160416861600189218120
:10104000807AA072BDF8501004F10B0001F0A8FAEC
:101050006573099881B204F10E0001F0A1FA0598B8
:101060002074032F01D1002000E0049881B204F124
:10107000110001F095FA0F98B0F5803F16D20F9845
:1010800081B204F1130001F08BFA14E08800002013
:101090002829010818290108F5FFFF0F0A2901086E
:1010A000EBFE904D53444F53352E300004F1200099
:1010B0000F9901F07BFAF82060753F2104F11800C8
:1010C00001F06EFAFF2104F11A0001F069FA5146AD
:1010D00004F11C0001F06AFA032F25D104F143004A
:1010E000109901F063FA04F12400089901F05EFA06
:1010F000022104F12C0001F059FA012104F1300021
:1011000001F04EFA062104F1320001F049FA802084
:1011100084F84000292084F84200132283A104F1BE
:101120004700F6F7C9F816E004F12700109901F01E
:101130003DFA089881B204F1160001F031FA8020DE
:1011400084F82400292084F8260013227CA104F1CD
:101150002B00F6F7B1F84AF6552104F5FF7001F0BF
:101160001FFA0123524621461698FFF755FB08B196
:1011700001208BE5032F33D101230AF1060221461A
:101180001698FFF749FBBDF850102046F6F7ADF86A
:101190007049204601F00AFA6F4904F5F27001F037
:1011A00005FAA8F1010104F5F47001F0FFF902213C
:1011B00004F5F67001F0FAF94AF6552104F5FF70CE
:1011C00001F0EEF901230AF1070221461698FFF714
:1011D00023FB01230AF1010221461698FFF71CFBAD
:1011E000BDF85020139800FB02F12046F6F77DF879
:1011F0000E980C904FF0000B40E0032F0FD16FF0D2
:101200000701204601F0D2F9391F201D01F0CEF967
:101210006FF0704104F1080001F0C8F909E0012FF6
:1012200001D14E4801E06FF007000146204601F071
:10123000BDF90898119000BF13991198884201D9FF
:10124000139800E0119881464B4621460C9A169857
:10125000FFF7E2FA08B1012018E5BDF8501020466A
:10126000F6F743F80C9848440C901198A0EB09004D
:10127000119011980028DFD10BF1010B05988345DF
:10128000BBD3032F01D1284600E00798119000BF7F
:1012900013991198884201D9139800E0119881465A
:1012A0004B4621460C9A1698FFF7B6FA08B1012072
:1012B000ECE40C9848440C901198A0EB09001190B4
:1012C00011980028E4D100BF032F02D10C20179001
:1012D0000DE00F98B0F5803F02D30620179006E08E
:1012E000022F02D10420179001E00120179000BFC7
:1012F000189800F0080070B90F980A9000200B9021
:1013000023460AA9DDE91602FEF7B0FF0190019815
:1013100008B10198BAE4002211461698FFF715FAB1
:1013200008B10120B2E40020B0E400004E4F204E8E
:10133000414D4520202020464154333220202000BA
:101340004E4F204E414D4520202020464154202024
:10135000202020005252614172724161F8FFFF006B
:10136000F7B582B016460398019001A800F0A7FCDB
:101370000446002C02DA0B2005B0F0BD0F4850F8EF
:10138000245025B100200D4941F82400287002980E
:1013900040B102994C7000200299087007490298E8
:1013A00041F824000EB90020E6E7002202A903A8B4
:1013B00000F016FE07463846DEE7000088000020F1
:1013C0002DE9F7478DB0044616461CB9092010B028
:1013D000BDE8F08706F03F06324601A90EA800F0EE
:1013E000FFFD0546002D70D1019820600198029004
:1013F00002A80E9900F024FB05462DB99DF8330094
:1014000000F0800000B1062506F01C00002854D032
:1014100045B1042D03D102A8FFF716F9054646F0A1
:1014200008060AE006F0040008B1082505E09DF86A
:101430000E0000F0110000B10725002D4FD106F07D
:10144000080000284BD000F01CFC8146099901F1EE
:101450000E00494601F0AAF8099901F11600494623
:1014600001F0A4F80999019800F064FC07462020D7
:101470000999C87200220999019801F0A3F8099905
:1014800001F11C00002101F091F80120019908717F
:1014900097B10198D0F820800022394602A800F0C8
:1014A000FBFF05463DB94146019800F013FF054694
:1014B000781E0199086100BF11E085B99DF80E0002
:1014C00000F0100010B1042509E076E006F00200FB
:1014D00028B19DF80E0000F0010000B107254DB9BC
:1014E00006F0080008B146F040060198006A206244
:1014F00009986062002D60D10999019800F01AFCEA
:10150000A060099901F11C0000F008FCE06001985E
:10151000C088A080267400206074E06160614FF490
:10152000805104F12800F5F7E0FE06F020000028C5
:1015300043D0E068002840D0E068606101984089AD
:101540000199898900FB01F9A768D4F80C800CE0A7
:101550003946204600F0FCFA0746012F00D8022544
:10156000781C00B90125A8EB09080DB9C845EFD8CA
:10157000A7610DBB01988089B8FBF0F100FB1180D9
:10158000D0B139460198FEF74BFD8246BAF1000F03
:1015900001D102250FE001988089B8FBF0F050449A
:1015A000E061E26901994878012304F12801FFF71D
:1015B000EAF800B1012500BF00BF0DB10020206096
:1015C000284604E733B581B004460CB909203EBD76
:1015D0000022694602A800F003FD05461DBB0098E5
:1015E00020602046029900F02BFA0546C5B92B2051
:1015F000005D00F0800050B9A07900F0100028B123
:10160000E169009800F096FBA06000E005253DB977
:101610000098C088A08000212046FFF736F80546D4
:10162000042D00D105250DB1002020602846CEE70D
:10163000F8B504466946204601F0F4F80646002E47
:1016400045D1207C00F04000002840D0207C00F0F4
:10165000800070B1E26900994878012304F1280103
:10166000FFF7DAF808B10120F8BD207C00F07F0018
:101670002074216A009800F02DFE06463EBB656A84
:10168000E87A40F02000E8722946A268206800F05D
:1016900099FF05F11C00E16800F088FF00F0F1FA05
:1016A0000746394605F1160000F080FF002105F1DC
:1016B000120000F075FF012000990871009800F0F9
:1016C00093FF0646207C00F0BF00207400BF304628
:1016D000CAE72DE9FF4F85B0044615469B4606989C
:1016E00002900020CBF8000003A9204601F09AF8F0
:1016F0000490049810B9607C049018B1049809B063
:10170000BDE8F08F207C00F0020008B90720F6E762
:1017100000BF606928446169884202D26069C0F1F3
:10172000FF35D6E0606903998989B0FBF1F201FBCE
:10173000120000287DD1606903998989B0FBF1F01E
:1017400003994989491E00EA010ABAF1000F1ED126
:10175000606938B9A76857B900212046FEF76DFCCB
:10176000074604E02046A169FEF767FC074607B973
:10177000B2E0012F02D102206074C0E7781C10B9DA
:1017800001206074BBE7A761A06800B9A760207C56
:1017900000F0800078B1E26903994878012304F1F0
:1017A0002801FFF739F810B101206074A7E7207C09
:1017B00000F07F002074A1690398FEF731FC064613
:1017C00016B9022060749AE7564403988089B5FBE5
:1017D000F0F9B9F1000F31D00AEB090003994989FA
:1017E000884203D903984089A0EB0A0903994878F5
:1017F0004B4632460299FFF70FF810B10120607492
:101800007DE7E069801B484511D2E069831B03989E
:10181000B0F80CC0029803FB0C010398828904F114
:101820002800F5F749FD207C00F07F002074039824
:1018300000E017E0808900FB09F835E0E069B0427C
:101840000FD0E168606988420BD203994878012380
:10185000324604F12801FEF796FF10B101206074B2
:101860004DE7E661606903998989B0FBF1F201FBFC
:10187000120003998989A1EB0008A84500D9A84660
:10188000606903998989B0FBF1F201FB120104F14F
:1018900028000844424601900299F5F70DFD207C8E
:1018A00040F08000207400BFA5EB0805DBF80000C5
:1018B0004044CBF8000002984044029060694044E4
:1018C0006061E1686069884201D9606900E0E068B0
:1018D000E060002D7FF426AF00BF207C40F0400088
:1018E000207400200BE7000010B5012213A114485A
:1018F000FFF736FD0446214612A0FDF751FE0D2CE0
:101900001BD14FF48053124A00210CA0FFF7B2F90B
:10191000044621460FA0FDF743FE012207A1002047
:10192000FFF71EFD0446012204A10548FFF718FD3C
:10193000044621460AA0FDF733FE10BD303A0000F0
:10194000E4260020666D6F756E742025640D0A0014
:1019500040470020666D6B66732025640D0A000009
:10196000666D6F756E7420616761696E2025640D08
:101970000A00000008B50546F5F7FCFB0446A66919
:101980006769D4F810803B463246294603A0CDF85B
:101990000080FDF705FE00BFFEE700000A25734644
:1019A00061756C7420402050433D25303858204CE0
:1019B000523D25303858202072345F706F703D25BD
:1019C0003038580A000000002DE9FF4107460D4657
:1019D00000213846FEF7B4FA0646022E06D0032E42
:1019E00000D21DB9304604B0BDE8F08100BF00242C
:1019F0000AE007F5F97101EB041101F1080000F0AC
:101A00008DF94DF82400641C042CF2D30DB1681E2E
:101A100000E00020044600BF5DF8240028B15DF816
:101A200024103846FEF78CFA00E0032006462DB954
:101A3000022E03D3601C04460428EDD33046D2E7BF
:101A40002DE9F3410446276802E00198401C01900B
:101A5000019800782F28F8D0019800785C28F4D0FD
:101A60000020A06001980078202808D280212B2037
:101A7000015500212046FEF708FE054631E000BF73
:101A800001A92046FEF76CFB054605B128E02B2096
:101A9000065D2046FEF735FD05463DB1042D04D117
:101AA00000BF06F0040000B9052519E006F00400A7
:101AB00000B115E0A07900F0100008B905250FE08D
:101AC000B9892069B0FBF1F201FB120107F1340082
:101AD00001EB00084146384600F02CF9A060CFE742
:101AE00000BF2846BDE8FC8170B504460D46A1B292
:101AF0000548FBF7B0FA00BF80210348FBF7DEF989
:101B00000028F9D0204670BD004400407FB504464F
:101B10000D46A07961792279A378CDE90032CDE92B
:101B200002106378207800F5FA6202A12846FDF7DA
:101B300061FD7FBD25303464253032642530326448
:101B400025303264253032642530326400000000D4
:101B50002DE9F05F81460D46D9F80040022D02D3F1
:101B6000A069A84202D84FF0010887E04FF0FF3883
:101B70002078012804D002283AD003287AD156E0F0
:101B80002E4606EB5606A089B6FBF0F0A16A00EBE4
:101B9000010A5146204600F09DFB00B16DE0304641
:101BA000761CA189B0FBF1F201FB120104F13400B3
:101BB000475CA089B6FBF0F0A16A00EB010A514630
:101BC000204600F087FB00B157E0A089B6FBF0F19A
:101BD00000FB116104F13400405C47EA002705F086
:101BE000010008B1380901E0C7F30B00804644E06A
:101BF000B4F80CA00AEBDA704010B5FBF0F0A16A63
:101C000000EB010B5946204600F064FB00B134E0C4
:101C10006800A189B0FBF1F201FB120104F134006C
:101C200001EB000A504600F073F8804625E0B4F856
:101C30000CA04FEAEA700AEB90708010B5FBF0F050
:101C4000A16A00EB010B5946204600F043FB00B1AE
:101C500013E0A800A189B0FBF1F201FB120104F12D
:101C6000340001EB000A504600F058F820F07048AC
:101C700003E0FFE74FF0010800BF00BF4046BDE8AA
:101C8000F09F1CB56846F9F7C5FE9DF800001430BA
:101C900040069DF8011040EA41509DF8021040EACC
:101CA00001409DF8041040EAC1209DF8051040EA6B
:101CB00041109DF8061040EA610420461CBD30B575
:101CC000044620680146024611B94FF0FF3030BD8E
:101CD00000BF12F8013B212B01D33A2BF9D13A2B4B
:101CE00014D101250878302808DB0878392805DC6C
:101CF000881C904202D10878A0F13005012D02DB4A
:101D00004FF0FF30E3E722602846E0E70020DEE7FF
:101D1000014648780A7842EA002070470146C878B0
:101D20008A7842EA00204A7842EA00200A7842EAA9
:101D30000020704770B505460C4604F11A00FFF705
:101D4000E7FF06462878032805D104F11400FFF7C1
:101D5000DFFF46EA0046304670BD00001CB500209B
:101D600080F3108800BF01210846F9F7C5FC012166
:101D70008048F8F78FF9F8F7E7F9F8F7D7FC4FF450
:101D8000A060F9F753F9F8F7EBFCF8F7A3FCF8F7C4
:101D900095FCF8F799FD4FF4E13000F093FC4FF417
:101DA000E13000F0EBFC4FF41650F9F78BFDF6F73D
:101DB00027FB714B012218216420F8F743FC6F4B7D
:101DC0006F4A70497048FAF707F820226F494FF4BC
:101DD0004070F8F795FD6C4A6DA16F48FDF70AFC5D
:101DE0006D496A48F5F7AFFA28B120226A494FF4E5
:101DF0004070F8F7C8FDF9F7FBFB68490860084632
:101E00000068F8F7F7FA6648007808B9F6F7D2F9EB
:101E100062480068F5F73CFC044622460B4661A088
:101E2000FDF7BEFB62490720FAF748FD6148F9F764
:101E3000F1FD6048F9F7DCFEFFF756FD5D4A5E49AB
:101E4000A1F11400F7F784FF6420F7F752FF5B4815
:101E50005B4B5C4A012100905B48FBF76EFBFAF795
:101E60005DFE86E05948007800283AD101205749A4
:101E700008704B48007828B9F8F73EFC41494248C1
:101E8000FDF7E0F8F8F738FC5148007800BB012076
:101E90004F49087042480078022805D0454A464913
:101EA000A1F11400F7F790FF3D4800784949087008
:101EB000F9F79EFB3949086008460068F8F79AFA76
:101EC0004448007828B93648007810B1F6F768F928
:101ED00007E04048007820B13148007808B9F6F7AB
:101EE00069F92F480078022821D03B48007828283B
:101EF00011D003DC38B1142818D109E03C280FD0E8
:101F0000502813D10FE0FDF7C7F8F8F7F5FB0DE007
:101F1000FDF74EFA0AE0FDF7ABF9F8F7EDFB05E047
:101F2000F9F7BCFE02E0F8F7E7FB00BF09E02A483A
:101F30000078282190FBF1F201FB120008B9F8F7B4
:101F4000DBFB1C480F49104B0C4ACDE900100C4933
:101F50002248F6F7A3FA20480078401C782190FB2D
:101F6000F1F201FB12001C49087040F2F310F7F780
:101F7000C0FE77E7000230006A00002058200020F1
:101F80003820002018200020F81F00207820002092
:101F900025735F3034000000982000206C00002082
:101FA00065000020506F7765723A25660D0A0000C3
:101FB000780000207100002054670020B801002044
:101FC0000001002050010020F020002068000020C7
:101FD000690000207F00002070000020491F0020C1
:101FE0002DE9F74F84B00021059801600498FFF7B0
:101FF00066FE03900398002803DA0B2007B0BDE8C3
:10200000F08FAE49039851F820400CB90C20F5E749
:1020100005980460069800F0FE000690207878B1DC
:102020006078FEF7C5FB074607F0010040B9069847
:1020300020B107F0040008B10A20DFE70020DDE747
:10204000002020706078FEF773FB074607F0010060
:1020500008B10320D2E7069820B107F0040008B1C8
:102060000A20CBE7607804F10C020221FEF76DFB39
:1020700008B10120C2E7A089B0F5805F07DCA08924
:10208000B0F5007F03DBA089411E084008B10120A4
:10209000B4E700212046FFF797FC0546042D01D147
:1020A0000120ABE7022D01D30D20A7E7D4F8209043
:1020B00004F13F00FFF72CFEA189884201D00D20DA
:1020C0009CE704F14A00FFF723FE064626B904F117
:1020D0005800FFF723FE0646E6614420005DE070ED
:1020E000E078012804D0E078022801D00D2085E7AF
:1020F000E07846434120005D6081608918B16089C5
:10210000411E084008B10D2078E704F14500FFF7B3
:10211000FFFD2081A089C11700EBD16149112289FF
:1021200092FBF1F301FB132109B10D2066E704F1E5
:102130004700FFF7EDFD8246BAF1000F04D104F12C
:102140005400FFF7EBFD824604F14200FFF7E0FD8B
:102150008346BBF1000F01D10D204FE7A089C117C5
:1021600000EBD1614911228992FBF1F10BEB0602E0
:102170001144029102998A4501D20D203EE702984E
:10218000AAEB00006189B0FBF1F8B8F1000F01D1B2
:102190000D2033E700254A48804500D803254FF637
:1021A000F570804500D8022540F6F570804500D8CE
:1021B00001250DB90D2021E708F10200A061C4F846
:1021C000249009EB0B00A062029848442063032D81
:1021D00013D104F15E00FFF79BFD08B10D200DE760
:1021E000208908B10D2009E704F16000FFF796FD92
:1021F000E062A0698000019014E0208908B90D20F8
:10220000FCE6A06A3044E062022D02D1A0694000E1
:1022100007E0207E00F00100A16901EB410100EB25
:1022200051000190A089401E01990844A189B0FB8A
:10223000F1F0E169884201D90D20DFE64FF0FF306F
:102240006061206180206071032D2CD104F1640055
:10225000FFF75EFD012826D109F10101204600F0BB
:1022600039F800BB0020607104F13400FFF756FD1F
:102270001449884217D104F50670FFF74FFD124943
:10228000884210D104F50C70FFF748FD0F498842D1
:1022900009D104F50770FFF741FD606104F508708E
:1022A000FFF73CFD2061257009480088401C80B282
:1022B00007490880E0800020A0E600008800002098
:1022C000F5FFFF0F5252614172724161000055AA41
:1022D0008C00002070B504460D460026206AA842F6
:1022E00010D0204600F0C8F906465EB96078012398
:1022F0002A4604F13401FEF746FA10B14FF0FF35DB
:1023000001262562304670BD2DE9F05F04460D467A
:1023100016464FF00209022D72D3A069A8426FD968
:102320002078012804D0022857D0032811D179E061
:102330002F4607EB5707A089B7FBF0F0A16A00EB27
:10234000010A51462046FFF7C5FF8146B9F1000F4B
:1023500000D09DE038467F1CA189B0FBF1F201FB63
:10236000120104F1340001EB000805F0010028B16E
:10237000F1B298F8000061F31F1000E0304688F8D1
:10238000000001202071A089B7FBF0F0A16A00EBEA
:10239000010A51462046FFF79DFF8146B9F1000F23
:1023A00000D075E0A089B7FBF0F100FB117104F1DA
:1023B000340001EB000805F0010010B1C6F307106E
:1023C00006E098F8000000F0F000C6F3032108438F
:1023D00088F80000012020715AE0B4F80CA00AEB44
:1023E000DA704010B5FBF0F0A16A00EB010B594622
:1023F0002046FFF76FFF8146B9F1000F01D047E09B
:1024000047E06800A189B0FBF1F201FB120104F181
:10241000340001EB000AB1B2504600F0C1F80120CF
:10242000207135E0B4F80CA04FEAEA700AEB907026
:102430008010B5FBF0F0A16A00EB010B5946204675
:10244000FFF748FF8146B9F1000F00D020E0A80057
:10245000A189B0FBF1F201FB120104F1340001EBA0
:10246000000A5046FFF75AFC66F31B000646A80018
:10247000A189B0FBF1F201FB120104F1340001EB80
:10248000000A3146504600F091F80120207100BF4B
:1024900000BF4846BDE8F09F2DE9F04781460E4653
:1024A00017464FF00008D9F80040022E02D3A06969
:1024B000B04202D80220BDE8F08767B100BF4FF0FC
:1024C000FF3239462046FFF71FFF8046B8F1000F64
:1024D00001D04046EFE700BF31464846FFF738FBE2
:1024E000054605B922E0012D01D10220E3E7681C71
:1024F00008B90120DFE7002231462046FFF704FF3C
:102500008046B8F1000F01D04046D4E7D4E9051069
:10251000801E814206D26069401C6061607940F093
:10252000010060712E46A069B042D5D800BF0020DE
:10253000C1E70000002004E00021154A1154411CAD
:10254000C8B21028F8DB002005E000221049103145
:102550000A54411CC8B28028F7DB002004E00021A7
:102560000C4A1154411CC8B20A49D1F804118142E5
:10257000F5D80020064981F8900081F891000549BE
:10258000C1F804010449087004490870704700004C
:10259000491F0020E40200205700002058000020BE
:1025A00000F8011B091200F8011B704700F8011B1D
:1025B000090A00F8011B090A00F8011B090A00F8C2
:1025C000011B704770B506460C461546A9B204F1CA
:1025D0001A00FFF7E5FF3078032804D1290C04F135
:1025E0001400FFF7DDFF70BD70B50446204600F013
:1025F00043F80546002D37D1607901282DD1002000
:1026000060712078032828D14FF4805104F1340000
:10261000F4F76BFE154904F13400FFF7C7FF1449C6
:1026200004F50670FFF7C2FF04F507706169FFF754
:10263000BDFF04F508702169FFF7B8FF0D4904F5E7
:102640000C70FFF7B3FF616A491C0A46216260788B
:10265000012304F13401FEF7DFF86078002211460F
:10266000FEF773F800B10125284670BD5252614152
:1026700072724161000055AA70B5044600252079A8
:10268000E8B16078012304F13401226AFEF7C4F84E
:10269000A0B900202071A16A206A401AE16988422D
:1026A0000DD2E07802280AD1D4E90731CA1860783F
:1026B000012304F13401FEF7AFF800E001252846BC
:1026C00070BD000010B586B0044601210420F9F762
:1026D00013F801214804F8F7EFFF2648FAF7A0FBAA
:1026E0000420ADF8140003208DF8160018208DF892
:1026F000170005A92048F7F741FC0820ADF81400A1
:1027000004208DF8170005A91B48F7F737FC262091
:102710008DF8000002208DF8010003208DF80200E2
:1027200001208DF803006846F8F748FC019400206A
:10273000ADF80800ADF80A00ADF80C00ADF81000D7
:102740000C20ADF80E0001A90A48FAF713FC01228B
:1027500040F224410748FAF7E8FB012240F22551F4
:102760000448FAF7E2FB01210248FAF74DFB06B0F4
:1027700010BD0000004400400008014010B586B0C4
:102780000446012144F20400F8F7B6FF2348FAF7A3
:1027900047FB4FF40070ADF8140003208DF81600CD
:1027A00018208DF8170005A91D48F7F7E7FB4FF42F
:1027B0008060ADF8140048208DF8170005A918486E
:1027C000F7F7DCFB25208DF8000000208DF80100D4
:1027D00001208DF802008DF803006846F8F7EEFB43
:1027E00001940020ADF80800ADF80A00ADF80C0027
:1027F000ADF810000C20ADF80E0001A90748FAF75B
:10280000B9FB012240F225510448FAF78EFB012161
:102810000248FAF7F9FA06B010BD0000003801408E
:102820000008014070B504460D4609268CB12068A9
:1028300078B12068007860B1A0882168C988884292
:1028400007D121684878FDF7B3FF00F0010000B917
:1028500000260EB9206800E000202860304670BDD8
:10286000A02B010804000000882B010805000000CF
:10287000902B010801000000982B010802000000C5
:10288000802B010803000000B02B010806000000A7
:10289000B82B010807000000742B01080800000095
:1028A000A82B010809000000582B010809000000AE
:1028B000182B0108080000004C2B01080400000040
:1028C000302B0108050000003C2B0108010000002E
:1028D000442B010802000000242B01080300000023
:1028E000642B0108060000006C2B010807000000A3
:1028F0005610003400030600000000000000000035
:10290000819FE0FC407E80FC00000100040010007C
:102910004000000100020000010002000400080065
:102920001000200000000000070000000000000070
:102930000000000000000000000000030080830091
:102940000000000000000000060000000000000081
:10295000800202200000005052454348494E20208A
:1029600053504920466C617368204469736B203171
:102970002E30201F1C1F1E1F1E1F1F1E1F1E1F1F4D
:102980001D1F1E1F1E1F1F1E1F1E1F0040404040F8
:102990004040404040414141414140404040404032
:1029A000404040404040404040404040050202021C
:1029B000020202020202020202020202202020207F
:1029C0002020202020200202020202020290909089
:1029D0009090901010101010101010101010101077
:1029E00010101010101010020202020202888888D3
:1029F00088888808080808080808080808080808D7
:102A00000808080808080802020202408C29010888
:102A10004461746154696D653D25733B61303130AB
:102A200030312D5274643D252E31662C61303130A9
:102A300030312D466C61673D25633B61303130306C
:102A4000322D5274643D252E31662C613031303088
:102A5000322D466C61673D25633B61303130303744
:102A60002D5274643D252E31662C61303130303763
:102A70002D466C61673D25633B6130313030382D28
:102A80005274643D252E31662C6130313030382D42
:102A9000466C61673D25633B6130313030362D52E5
:102AA00074643D252E32662C6130313030362D462F
:102AB0006C61673D25633B6130353030312D527498
:102AC000643D252E31662C6130353030312D466C19
:102AD00061673D25633B4138363030372D52746491
:102AE0003D252E31662C4138363030372D466C610D
:102AF000673D25633B4138363030322D5274643D9A
:102B0000252E31662C4138363030322D466C6167C7
:102B10003D25633B00000000525334383544415496
:102B2000410D0A0055504C4F41440D0A0000000071
:102B300053414D504C450D0A0000000054494D458D
:102B40000D0A0000514346470D0A00004750534309
:102B500046470D0A00000000424154544552590DA9
:102B60000A00000065726173650D0A007465737474
:102B70000D0A0000525334383544415441000000DE
:102B800055504C4F4144000053414D504C450000BE
:102B900054494D45000000005143464700000000E5
:102BA0004750534346470000424154544552590050
:102BB0006572617365000000746573740000000045
:102BC00054696D653A25733B434F323A252E306682
:102BD0003B4C696768743A252E30663B54656D70CE
:102BE0003A252E31663B48756D693A252E31663B94
:102BF00050726573737572653A252E31663B57695D
:102C00006E6453706565643A252E31663B57696E74
:102C100064446972656374696F6E3A252E31663B50
:102C20005261696E3A252E31660D0A004C2C01085E
:102C300000000020DC0100004A810008442D01084A
:102C4000DC0100204496000040F60008412D0102FE
:102C5000030404E0090607080902040608790F2B9B
:102C600013032C5387782A150DB40586DD3A1220FC
:102C70007386A92A560F640AC82AD4010181034227
:102C80003001135DD214088DD11408E5DA1408DD83
:102C9000D81B0879041355DD1B08AB08137DD51B21
:102CA000088F048122BC0214201AF5241AC5048B53
:102CB00025D62C1AA1109AB33C411AE5101C090222
:102CC00020C82604C0320904200B0208065005075C
:102CD000058102402C07050107411AFD80132DDFF5
:102CE0001B083D041A5D041AB5041A751413F5DEA9
:102CF00014081201320216408304205748080201CA
:102D00000203010A061212012B040355199012C680
:102D10001B08BD041329C71B0837041A3D041A6B8E
:102D2000041AEF144F4F2901089001C81AF3501AE2
:102D30003D041AA95C1AF1082AD104190C1A0D08CD
:042D4000810000000E
:04000005080071512D
:00000001FF
